NEVO-code,productnaam,energie_kcal,koolhydraten_g,eiwitten_g,vetten_g
1,Aardappelen rauw,88,19.0,2.0,0.0
2,Aardappelen nieuwe rauw,88,19.0,2.0,0.0
3,Aardappelen oude rauw,88,19.0,2.0,0.0
4,Pasta witte rauw,356,72.0,12.3,1.5
5,Rijst witte rauw,352,78.0,7.0,1.0
7,Andijvie rauw,16,1.0,1.5,0.3
8,Andijvie gekookt,22,2.3,1.4,0.5
9,Asperge witte rauw,22,3.0,1.0,0.3
10,Aubergine rauw,20,3.0,1.0,0.0
11,Aubergine gekookt,21,3.0,1.0,0.0
12,Biet rode rauw,38,6.0,1.7,0.1
13,Selderij bleek- gekookt,14,2.0,1.0,0.0
14,Kool bloem- rauw,25,3.0,1.9,0.2
15,Kool bloem- gekookt,22,1.8,1.8,0.4
16,Kool boeren- gekookt,33,1.0,2.7,1.3
17,Cantharel rauw,16,1.0,1.8,0.0
18,Cantharel gekookt,20,2.0,1.8,0.0
19,Champignon rauw,18,0.4,2.3,0.5
20,Champignon gekookt,21,0.4,3.8,0.3
21,Kool Chinese rauw,17,2.0,1.0,0.0
22,Kool Chinese gekookt,17,2.0,1.0,0.0
23,Doperwten rauw,65,10.0,4.0,0.0
24,Kool groene rauw,36,4.1,2.4,0.2
25,Kool groene gekookt,21,2.3,1.5,0.2
26,Selderij knol- gekookt,38,5.0,2.0,0.0
27,Komkommer z schil rauw,15,2.5,0.6,0.2
28,Komkommer gekookt,17,3.0,1.0,0.0
29,Koolraap gekookt,33,5.8,0.7,0.1
30,Koolrabi gekookt,31,4.0,2.0,0.3
31,Paprika groene rauw,19,2.5,0.8,0.1
32,Paprika groene gekookt,17,2.3,0.6,0.2
33,Rozijnen gedroogd,325,71.7,3.1,0.5
35,Peultjes rauw,33,5.0,2.0,0.0
36,Postelein gekookt,13,1.0,1.0,0.0
37,Prei gekookt,22,2.1,1.1,0.5
38,Raapstelen rauw,17,1.0,2.0,0.0
39,Raapstelen gekookt,17,1.0,2.0,0.0
40,Rabarber rauw,23,2.0,1.0,0.0
41,Kool rode rauw,27,3.0,2.0,0.0
42,Kool rode gekookt,23,3.0,1.3,0.0
45,Schorseneren rauw,76,15.0,1.0,1.0
46,Sla krop- rauw,13,0.3,1.4,0.4
47,Sla krop- gekookt,22,2.0,2.0,0.4
48,Snijbiet gekookt,29,3.0,3.0,0.0
49,Bonen snij- rauw,22,2.0,1.9,0.1
50,Bonen sperzie- rauw,25,1.8,2.3,0.2
51,Spinazie rauw,26,0.9,3.2,0.6
52,Spinazie gekookt,25,0.7,2.9,0.9
53,Kool spits- rauw,42,4.0,3.0,1.0
54,Kool spits- gekookt,21,1.6,1.1,0.6
55,Spruitjes gekookt,47,5.6,2.3,0.7
57,Mais suiker- gekookt,74,11.6,2.5,1.4
58,Tauge rauw,25,3.2,2.2,0.1
59,Tauge gekookt,17,1.7,1.8,0.1
60,Tomaat gewoon rauw,20,2.9,0.7,0.4
61,Tomaat gewoon gekookt,23,2.9,0.7,0.7
62,Bonen tuin- rauw,51,4.0,5.0,0.0
63,Ui rauw,37,6.3,1.3,0.2
64,Ui gekookt,35,6.3,1.0,0.2
65,Sla veld- rauw,18,0.5,2.6,0.2
67,Witlof rauw,19,2.4,1.3,0.2
68,Witlof gekookt,16,2.0,1.2,0.2
69,Kool witte rauw,30,4.0,2.0,0.0
70,Kool witte gekookt,16,1.8,0.9,0.0
71,Wortel rauw gem,32,5.3,0.8,0.3
72,Wortel gekookt gem,32,5.2,0.7,0.3
73,Kool zuur- rauw,13,0.6,1.1,0.0
74,Kool zuur- gekookt,14,1.0,0.9,0.0
75,Groente soep- rauw,32,4.6,1.5,0.2
80,Bloem rijste-,369,83.9,6.2,0.5
83,Ei kippen- rauw gem,132,0.2,12.3,9.1
84,Ei kippen- gekookt gem,128,0.0,12.3,8.8
85,Eidooier kippen- rauw,361,0.2,16.7,32.6
86,Eidooier kippen- gekookt,361,0.0,16.0,33.0
87,Eipoeder kippen-,574,3.0,46.0,42.0
95,Paardenvlees rauw,99,0.0,22.4,1.0
99,Schapenvlees >10 g vet rauw gem,293,0.0,17.0,25.0
105,Kalfshersenen rauw,108,0.0,9.0,8.0
106,Eend m vel rauw,388,0.0,13.1,37.3
107,Haas rauw,115,0.0,22.0,3.0
108,Kip m vel rauw,218,0.0,18.3,16.0
109,Konijn tam rauw,174,0.0,21.0,10.0
110,Konijn wild rauw,125,0.0,20.0,5.0
111,Mosselen gekookt,125,7.2,17.2,3.1
112,Paling rauw,372,0.0,14.0,35.1
113,Haring pan- rauw,199,0.0,16.0,15.0
114,Vis mager 0-5 g vet gem rauw,92,0.0,19.7,1.5
116,Vis vet >5 g vet gem rauw,242,0.3,17.2,19.1
117,Bonen witte/bruine gedroogd,314,44.2,20.1,2.4
118,Erwten groene gedroogd,315,43.0,21.0,2.0
119,Kapucijners gedroogd,305,43.0,20.0,1.5
120,Linzen groene en bruine gedroogd,306,43.0,21.0,1.5
121,Aardappelpuree vers bereid m halfvolle melk en margarine,83,13.9,2.2,1.8
122,Chips gem,538,52.3,6.3,32.8
124,Radijs rauw,22,4.0,1.0,0.0
125,Rammenas rauw,30,5.0,2.0,0.0
126,Sterkers rauw,15,0.0,2.0,0.0
127,Rauwkost gem,20,2.5,0.9,0.4
128,Peterselie vers,37,1.0,4.0,0.8
130,Asperge witte blik/glas,17,1.9,1.4,0.3
131,Augurk zuur,10,1.0,1.0,0.0
132,Augurk zoetzuur,27,5.3,0.8,0.0
133,Champignon blik/glas,19,0.5,2.2,0.4
134,Doperwten middelfijn blik/glas,94,14.0,5.0,1.0
135,Doperwten zeer fijn/extra fijn blik/glas,78,9.9,5.6,0.8
136,Doperwten m wortelen blik/glas,56,7.0,3.4,0.5
137,Olijven groen in water blik/glas,113,0.5,0.9,11.0
138,Bonen snij- blik/glas,20,2.3,1.1,0.3
139,Bonen sperzie- blik/glas,26,2.9,1.6,0.3
140,Spinazie blik/glas,31,1.3,3.2,0.9
141,Puree tomaten- geconcentreerd blik,87,15.5,4.5,0.0
142,Bonen tuin- blik/glas,73,8.5,5.8,0.6
143,Wortel blik/glas,29,5.3,0.7,0.2
144,Ui zilver- zoetzuur glas,34,6.9,0.6,0.1
145,Kool rode blik/glas,40,7.9,0.8,0.2
146,Spinazie diepvries gekookt,24,1.7,2.3,0.4
147,Appel z schil gem,55,12.0,0.2,0.1
148,Aardbeien,29,5.1,0.7,0.0
149,Abrikozen m schil,44,8.0,0.9,0.1
150,Ananas,54,12.0,0.5,0.1
151,Banaan,92,20.0,1.1,0.3
152,Bessen blauwe,52,11.0,0.7,0.0
153,Bessen rode,36,4.4,1.1,0.0
154,Bessen zwarte,53,8.0,0.9,0.0
155,Bessen bos-,30,6.0,0.6,0.0
156,Bessen vossen-,57,8.8,0.8,1.2
157,Bramen,37,5.1,0.9,0.2
158,Citroen,36,3.0,0.8,0.3
159,Cranberry vers,24,3.4,0.4,0.1
160,Druiven m schil gem,78,16.8,0.6,0.2
161,Frambozen,37,4.5,1.4,0.3
162,Grapefruit,37,6.6,0.9,0.0
163,Kersen zoete,57,11.5,0.9,0.4
164,Bessen kruis-,49,9.0,0.9,0.0
165,Mandarijn,46,9.9,0.7,0.1
166,Meloen net-,27,6.0,0.5,0.0
167,Kersen zure,52,11.0,1.0,0.0
168,Peer z schil,53,11.7,0.3,0.2
169,Perzik z schil,41,7.9,1.0,0.0
170,Pruimen m schil,40,7.3,0.8,0.0
171,Sinaasappel,48,7.9,0.8,1.0
172,Fruit vers citrus- gem,48,8.9,0.8,0.5
173,Fruit vers excl citrus- gem,63,13.5,0.7,0.2
174,Aardbeien op siroop blik/glas,71,16.9,0.5,0.0
175,Abrikozen gedroogd,285,59.0,5.0,0.0
176,Abrikozen op siroop blik/glas,69,16.1,0.4,0.1
177,Ananas op siroop blik/glas,69,16.1,0.3,0.1
178,Appeltjes gedroogd,292,65.0,2.0,0.5
179,Appelmoes blik/glas,76,17.6,0.2,0.1
180,Bessen bos- op siroop blik/glas,66,15.1,0.3,0.3
181,Dadels gedroogd,305,70.5,2.0,0.0
182,Frambozen op siroop blik/glas,71,15.7,0.5,0.3
183,Fruitcocktail op siroop blik/glas,75,17.3,0.4,0.0
184,Kersen op siroop blik/glas,63,14.2,0.6,0.3
185,Krenten gedroogd,326,75.0,2.0,0.0
186,Mandarijnen op siroop blik/glas,59,14.0,0.5,0.0
187,Peren gedroogd,287,65.0,2.0,0.0
188,Peren op siroop blik/glas,64,14.7,0.3,0.0
189,Perziken op siroop blik/glas,62,14.6,0.4,0.0
190,Pruimen gedroogd,199,47.9,1.6,0.4
191,Pruimen op siroop blik/glas,65,15.5,0.3,0.0
192,Tuttifrutti gedroogd,256,56.1,2.7,0.3
193,Vijgen gedroogd,259,54.1,3.3,0.9
194,Vruchten op siroop gem blik/glas,65,15.0,0.3,0.1
195,Babyvoeding fruit 8 mnd,74,17.1,0.6,0.1
196,Kapucijners blik/glas,108,14.8,7.1,0.8
197,Bonen witte in tomatensaus blik/glas,101,15.2,5.7,0.6
198,Noten amandelen z vliesje ongezouten,631,7.1,21.7,55.8
199,Noten cashew- ongezouten,615,20.8,21.2,48.9
200,Noten hazel- ongezouten,670,4.8,16.4,63.0
201,Kastanje rauw,189,35.0,4.0,2.7
202,Kokosnootvlees,406,3.0,4.0,40.0
203,Noten para- ongezouten,687,2.6,14.3,67.1
204,Pinda's ongezouten,627,11.8,25.2,51.7
205,Studentenhaver,496,38.0,11.0,32.1
206,Noten wal- ongezouten,706,5.1,15.9,68.1
207,Noten gemengd ongezouten,658,8.9,18.1,59.6
208,Meel boekweit-,344,64.5,12.8,2.8
209,Ontbijtproduct Cornflakes Kellogg's,378,84.0,7.0,0.9
210,Custardpoeder,352,86.0,0.4,0.7
212,Gort parel- rauw,335,63.5,9.1,2.0
213,Vlokken haver-,366,59.2,12.8,6.2
215,Maizena,354,86.9,0.3,0.4
216,Puddingpoeder voor kookpudding,374,93.0,0.2,0.1
217,Bloem rogge-,332,69.0,5.8,1.2
218,Meel rogge-,314,56.6,9.1,1.5
219,Tapioca parels droog,354,87.8,0.2,0.0
220,Bloem tarwe-,345,71.3,10.2,1.2
222,Meel tarwe- volkoren,344,65.3,11.6,1.7
223,Bindmiddel gem,344,71.7,9.8,1.1
224,Ontbijtproduct Olvarit pap fijne granen 6+ mnd,367,69.6,12.4,2.1
225,Volkoren graanontbijt,349,64.0,14.0,1.9
226,Aardappelzetmeel,327,81.1,0.3,0.2
227,Beschuit naturel,408,76.1,14.1,4.7
228,Cracker cream-,448,68.8,9.1,14.5
229,Knackebrod gem,376,63.6,11.6,5.6
230,Tarwebroodje wit zacht,262,46.1,9.7,3.5
231,Kiemen tarwe-,346,27.8,29.2,9.5
232,Broodje koffie-,349,48.4,5.8,14.1
233,Tarwekrentenbrood wit,273,53.3,7.8,2.4
234,Biscuit baby- Liga Baby 6-12 mnd,394,73.5,6.5,7.6
235,Biscuit dreumes- Liga Kind 12-36 mnd,411,71.0,8.5,9.4
236,Tarwebrood bruin,239,43.3,9.9,1.8
238,Cracker Matzes,376,78.8,11.0,1.0
240,Koek ontbijt-,308,69.5,3.0,1.2
241,Tarwebrood wit melk,257,47.9,9.6,2.4
242,Roggebrood volkoren,193,35.6,5.6,1.3
243,Roggetarwebrood bruin,233,42.8,8.2,1.5
244,Tarwerozijnenbrood wit ,272,52.2,7.7,2.7
246,Tarwebrood volkoren gem v fijn en grof,235,39.0,11.1,2.3
248,Tarwebrood wit water,248,48.1,9.0,1.6
249,Tarwemoutbrood bruin,249,46.6,9.4,1.9
250,Broodje amandel- (v bladerdeeg),393,38.6,6.9,23.0
251,Taart appel- v zandtaartdeeg z roomboter,226,31.9,3.4,9.0
252,Biscuit,437,75.5,7.6,11.0
253,Cake z roomboter,397,42.8,5.6,22.3
254,Koek eier-,307,66.8,5.9,1.4
255,Taart slagroom-,316,31.4,4.6,18.9
256,Taart creme au beurre-,431,44.0,3.6,26.6
257,Koek gevulde gem,411,59.9,6.4,15.8
258,Koekje gem,475,65.2,5.7,20.7
259,Kokosmakronen,455,59.0,4.0,21.2
260,Lange vingers,402,84.8,7.2,3.5
261,Speculaas gem,469,65.1,5.0,20.3
262,Sprits m roomboter,493,50.5,4.8,29.8
263,Biscuit tarwe-/volkoren-,459,70.7,7.8,14.9
264,Biscuit zoute,472,56.7,8.1,23.0
265,"Bladerdeeg z roomboter, bereid",499,46.3,7.9,31.0
266,Broodje saucijzen-,356,28.5,7.2,23.4
267,Pepsels,382,69.5,11.9,5.3
269,Kroepoek naturel,516,62.0,3.5,28.0
270,Melk rauwe,71,4.4,3.4,4.4
271,Melk koffie- Becel,112,11.0,7.1,4.4
272,Melk chocolade- volle,82,10.7,3.3,2.8
273,Melk chocolade- magere,62,11.4,3.3,0.3
274,Creamer koffie-,560,58.4,2.1,35.3
276,Vla chocolade- volle,88,13.4,2.4,2.6
278,Yoghurt volle,56,3.4,3.8,2.7
279,Melk volle,61,4.5,3.3,3.4
280,Melk koffie- volle,145,11.4,7.5,7.7
281,Melk gecondenseerde m suiker,330,54.7,8.1,8.8
282,Vla vanille- volle,86,12.8,2.3,2.8
284,Yoghurt vruchten- magere,67,12.4,3.0,0.2
285,Melk koffie- halfvolle,110,11.2,7.0,4.1
286,Melk halfvolle,45,4.7,3.4,1.4
288,Pap havermout- bereid m volle melk ongezoet,94,10.3,4.3,3.7
289,Melk karne-,30,3.6,3.0,0.2
290,Pap karnemelkse bloem-,52,7.8,3.7,0.5
291,Topping m suiker poeder Klop-Klop,535,63.4,4.4,29.3
292,Melk koffie- magere,57,4.3,9.9,0.0
293,Room koffie-,210,3.8,3.3,20.2
294,Melk magere,35,4.9,3.7,0.1
295,Melkpoeder magere,349,50.5,35.4,0.6
296,Melkpoeder volle,478,37.0,23.9,26.0
297,Melk moeder-,66,7.4,1.1,3.5
298,Pap rijste-,86,12.0,3.1,2.9
299,Room slag- onbereid,339,3.1,2.3,35.3
300,Yoghurt Bulgaarse volle,77,4.5,4.5,4.3
301,Yoghurt magere,37,4.0,4.1,0.2
303,IJs room/vanille- gem,216,25.3,2.9,11.3
304,Kaas strooi- Zwitserse,228,0.0,55.0,0.7
305,Kwark magere,51,3.8,8.4,0.0
306,Kwark halfvolle,77,4.0,7.5,3.2
307,Kwark volle,118,3.6,7.5,8.0
308,Olie arachide-,900,0.0,0.0,100.0
310,Boter ongezouten,737,1.1,0.7,81.2
313,Olie soja-,894,0.0,0.3,99.2
314,Vet varkens- uitgesmolten,900,0.0,0.0,100.0
315,Vet rund- uitgesmolten,891,0.0,0.0,99.0
317,Olie zonnebloem-,897,0.0,0.3,99.5
319,Cornedbeef,208,0.9,24.3,11.9
320,Fazant rauw,223,0.0,31.0,11.0
322,Frikandel bereid m vloeibaar frituurvet,251,6.7,13.8,18.4
324,Worst rook- gekookt gem,304,2.6,14.1,26.3
326,Kroket vlees- bereid m vloeibaar frituurvet,272,20.9,8.9,16.6
328,Ham rauwe,188,1.2,24.6,9.5
330,Kalkoen rauw,141,0.0,21.8,6.0
333,Lever runder- gekookt (vleeswaar),133,2.0,20.0,5.0
334,Lever varkens- gekookt (vleeswaar),132,3.9,19.8,4.1
335,Pastei lever-,318,1.7,14.2,28.3
336,Luncheon meat blik,279,3.3,12.9,23.8
337,Patrijs rauw,248,0.0,35.0,12.0
338,Pekelvlees,184,0.1,17.3,12.7
339,Ree wild rauw,122,0.0,22.4,3.6
340,Runderrookvlees,108,0.5,22.0,2.0
343,Spek rook- vet rauw,678,0.0,5.0,73.2
344,Vleeswaren gem,239,2.7,16.6,17.9
347,Bokking gerookt,242,0.3,20.8,17.5
348,Garnalen Hollandse gekookt,94,0.1,19.8,1.6
349,Haringfilet in tomatensaus blik,201,5.4,12.0,14.6
350,Haring gezouten,172,2.8,17.6,10.1
351,Krab in water blik,85,0.0,18.1,1.4
352,Kreeft gekookt,86,0.0,19.7,0.8
353,Makreel rauw,233,0.0,18.0,17.9
354,Oesters,57,4.0,6.0,1.9
355,Sardines in olie blik,231,0.0,21.7,16.0
356,Lever schelvis- blik,409,0.0,7.0,42.3
357,Stokvis geweekt,138,0.0,32.5,0.9
358,Eiwit kippenei rauw,44,0.4,10.5,0.0
369,Loempia gefrituurd in plantaardige olie,181,18.6,7.1,8.2
372,Babyvoeding maaltijd 8 mnd,74,9.7,3.4,2.1
374,Suiker basterd- bruine,396,99.0,0.0,0.0
375,Suiker basterd- witte,396,99.0,0.0,0.0
377,Suiker kristal-,400,100.0,0.0,0.0
378,Stroop keuken-,328,82.0,0.0,0.0
381,Stroop suiker-,300,75.0,0.0,0.0
382,Advocaat,236,23.6,4.3,3.2
383,Sap appel-,46,11.2,0.1,0.0
385,Vruchtendrank rode bessen,57,14.0,0.0,0.0
386,Jenever bessen-,184,18.0,0.0,0.0
387,Vruchtendrank zwarte bessen,61,15.0,0.0,0.0
388,Sap rode bessen-,42,10.0,0.2,0.0
389,Bier oud bruin,38,5.5,0.5,0.0
390,Bier pils,44,3.0,0.4,0.0
391,Brandewijn,231,0.0,0.0,0.0
392,Campari,180,10.0,0.0,0.0
393,Jenever citroen-,180,3.0,0.0,0.0
394,Cognac,224,0.0,0.0,0.0
395,Frisdrank m suiker m cafeine,41,10.4,0.0,0.0
396,Sap druiven-,65,15.9,0.2,0.0
399,Vruchtendrank frambozen,57,14.0,0.0,0.0
400,Frisdrank m suiker z cafeine,37,9.2,0.0,0.0
401,Jenever jonge,196,0.0,0.0,0.0
402,Jenever oude,200,1.0,0.0,0.0
403,Likeur 15-25 vol% alc,242,29.0,0.0,0.0
405,Muskaatwijn,162,13.7,0.0,0.0
407,Port,156,13.0,0.0,0.0
408,Rum,234,0.0,0.0,0.0
409,Sherry,111,3.2,0.0,0.0
410,Sap sinaasappel- gepasteuriseerd,45,9.5,0.6,0.1
413,Sap tomaten-,16,3.2,0.7,0.0
415,Vermouth zoete,150,16.5,0.0,0.0
416,Vieux,200,1.0,0.0,0.0
417,Limonade vruchten- m suiker,41,10.3,0.0,0.0
421,Whisky,245,0.0,0.0,0.0
422,Wijn rode,76,0.2,0.1,0.0
423,Wijn witte droge,67,0.6,0.1,0.0
425,Frisdrank Rivella,4,1.0,0.0,0.0
427,Stroop appel- rinse,280,65.9,1.8,0.0
428,Saus barbecue-,95,22.2,0.9,0.1
429,Bouillonblokje,273,21.2,8.1,17.2
430,Cacaopoeder,379,10.5,18.5,21.7
431,Chocolade melk-,548,52.0,7.0,34.1
432,Chocolade puur,531,46.7,6.5,33.7
433,Vlokken chocolade- melk,454,72.0,5.8,15.0
434,Boter chocolade-,515,53.6,1.6,32.2
435,Vlokken chocolade- puur,444,67.0,5.2,15.5
436,Pasta chocolade- hazelnoot,562,53.9,5.7,35.3
437,Saus cocktail/party/tafel- 25% olie,293,13.7,0.7,26.1
439,Gelatine,352,0.0,88.0,0.0
440,Gember op siroop blik/glas,288,69.0,1.8,0.0
441,Gistextract Marmite,238,19.2,38.4,0.1
442,Hagelslag vruchten-,393,98.2,0.1,0.0
443,Honing,321,80.0,0.3,0.0
444,Pasta chocolade- puur,575,51.4,3.0,38.6
445,Jam,248,60.8,0.3,0.1
446,Kauwgom,280,70.0,0.0,0.0
447,Kauwgom z suiker,171,66.4,0.1,0.6
449,Kokosbrood,426,58.7,3.2,18.6
450,Zuurtjes,380,95.0,0.0,0.0
451,Mayonaise,664,3.6,1.1,71.6
453,Pepermunt,395,98.2,0.6,0.0
454,Piccalilly,53,8.2,1.3,1.3
455,Pindakaas,654,10.0,22.5,56.4
457,Jam rozenbottel- m vit C,260,62.0,1.8,0.3
458,Saus sla- 25% olie,278,8.9,0.4,26.7
461,Toffee,401,85.6,0.6,6.2
462,Ketchup tomaten-,77,17.7,1.0,0.0
463,Siroop vruchtenlimonade-,233,58.2,0.0,0.0
464,Broodbeleg zoet gem,422,64.2,3.0,16.5
465,Saus frites- 25% olie,296,12.0,0.5,27.3
466,Saus frites- 35% olie,375,12.0,0.7,36.0
467,Pannenkoek huishoudelijk bereid m margarine,206,29.2,8.3,5.8
468,Tompouce,315,36.5,3.8,16.9
469,Babi pangang z rijst,131,6.7,10.2,7.0
470,Bami goreng z ei,168,26.3,6.6,3.8
471,Nasi goreng m ei,144,22.4,4.4,3.9
472,Tjap tjoi z rijst,61,3.2,3.9,3.4
473,Foe yong hai z rijst,96,4.6,4.8,6.2
474,Oliebol gevuld m krenten en rozijnen,259,37.9,5.9,8.7
475,Lever kippen- rauw,128,1.0,19.1,5.4
479,Melk karne- m vruchten,51,8.2,3.3,0.5
480,Biscuit fourre omhuld m chocolade,500,67.7,5.4,22.6
481,Koek Bastogne,493,72.2,4.9,20.1
482,Spekkie,334,78.3,4.1,0.4
484,Spread fruit- minder suiker,118,27.7,0.5,0.2
485,IJs room/vanille- cornet m chocola en nootjes,302,38.9,3.9,14.3
486,Vlaai vruchten-,228,41.6,2.9,5.1
487,Candybar Mars,449,70.2,4.1,16.6
488,Puddingpoeder instant chocolade,363,80.0,3.4,2.2
489,Vlaai rijste-,211,34.5,4.5,6.0
497,Siroop vruchtenlimonade- vruchtenmix m rozenbottel,185,45.6,0.3,0.0
498,Siroop vruchtenlimonade- Roosvicee Fruitkracht Ferro,222,55.2,0.2,0.0
500,Siroop vruchtenlimonade- Roosvicee Fruitkracht Pruimen,225,56.0,0.2,0.0
511,Kaas Edammer 40+,324,0.0,25.5,24.3
513,Kaas Goudse 48+ gem,370,0.0,22.9,30.6
514,Kaas 20+ Leidse/Friese nagel-,240,0.0,33.1,11.9
515,Kaas smeer- volvet 48+,260,2.1,13.4,21.7
516,Kaas smeer- 40+,227,2.0,16.0,17.0
517,Kaas smeer- 20+,137,1.7,17.2,6.8
520,Drop zoute,330,68.1,12.2,0.2
521,Drop dubbelzoute,330,68.1,12.2,0.2
522,Drop zoete,333,74.6,7.3,0.4
523,Stophoest,396,98.4,0.6,0.0
524,Chocolade in krokant suikerlaagje M&M's,487,68.6,4.6,20.7
525,Candybar Milky Way,448,71.9,4.0,15.9
526,Candybar Bounty,486,58.3,3.7,26.1
528,Candybar Snickers,484,60.2,8.7,22.9
530,Bakmix voor pannenkoeken,332,68.1,9.5,1.3
531,Bakmix voor poffertjes,329,68.0,9.3,1.1
532,Pudding chocolade-,112,19.3,3.4,2.0
535,Cacaopoeder gezoet,376,80.6,4.5,2.6
538,Rabarbermoes m suiker,82,19.0,0.5,0.0
539,Dessertsaus vruchten-,189,46.3,0.3,0.1
540,Dessertsaus chocolade-,269,60.8,2.1,1.9
541,Pindakaas m stukjes pinda,651,15.0,20.0,55.0
546,Noten borrel-,532,43.7,13.2,32.7
548,Saus schaschlik-,109,25.9,0.8,0.0
555,Topping m suiker opgeklopt Klop-Klop,111,12.5,3.5,5.2
556,Kaas Camembert 45+,306,0.0,25.0,22.8
557,Selderij bleek- rauw,14,2.0,1.0,0.0
558,Selderij knol- rauw,38,5.0,2.0,0.0
559,Koolraap rauw,30,5.0,0.7,0.1
560,Koolrabi rauw,31,4.7,0.9,0.3
561,Postelein rauw,13,1.0,1.0,0.0
562,Prei rauw,28,3.5,1.5,0.2
563,Snijbiet rauw,29,3.0,3.0,0.0
564,Spruitjes rauw,46,5.6,2.3,0.7
566,Worst knak- blik/glas,201,3.8,12.0,15.4
567,Worst boterham-,306,3.5,11.6,26.9
568,Worst bloed-,386,9.5,12.4,32.6
570,Candybar Nuts,497,62.3,4.6,24.8
575,Spread sandwich- naturel,235,14.0,1.6,19.0
577,Salade huzaren-,149,13.7,2.1,9.1
583,Ketchup hot chilli,101,23.3,1.2,0.1
584,Ketchup curry-,129,29.9,0.8,0.3
590,Zemelen tarwe-,274,20.5,15.4,4.4
591,Ontbijtproduct All-Bran Plus Kellogg's,334,48.0,14.0,3.5
593,Kaas Brie 50+,318,0.0,23.0,25.1
595,Cacaoproduct poeder Ovomaltine,370,75.0,11.2,1.7
596,Knackebrod goudbruin,410,72.3,12.3,6.6
598,Water 0-50 mg calcium p liter,0,0.0,0.0,0.0
599,Water 50-100 mg calcium p liter,0,0.0,0.0,0.0
600,Water >100 mg calcium p liter,0,0.0,0.0,0.0
601,Olie olijf-,900,0.0,0.0,100.0
602,Zalm blik,146,0.0,20.4,7.2
603,Paling gerookt,351,0.0,19.1,30.5
604,Makreel gestoomd,315,0.5,19.5,26.1
605,Krentjebrij Bessola,75,17.0,0.6,0.3
606,Olie Becel Blend Classic,900,0.0,0.0,100.0
607,Olie saffloer-,900,0.0,0.0,100.0
608,Olie mais/maiskiem-,900,0.0,0.0,100.0
609,Nasischijf diepvries gefrituurd in plantaardige olie,298,30.7,5.8,16.7
610,Bamibal gefrituurd in plantaardige olie,275,30.0,7.0,14.0
616,Saus sate- kant-en-klaar bereid,247,23.5,7.5,13.2
618,Zoutje luchtig aardappelbasis Nibb-it,482,65.0,3.3,22.5
619,Zoutje aardappel- Wokkels,493,69.0,3.4,22.0
620,Fritessticks gem,522,60.5,6.5,27.5
621,Pinda's omhuld m chocolade in krokant suikerlaagje M&M's,511,59.1,9.8,25.3
622,Puddingpoeder instant overige smaken,387,94.0,0.2,1.1
630,Popcorn naturel gepoft z olie,386,72.0,13.0,4.0
633,Bokkenpootje,454,61.6,5.5,20.3
634,Koek kokos-,517,53.0,6.0,30.8
635,Koekje krakeling,497,61.1,6.7,24.8
636,Koek muesli-,394,54.1,6.5,16.1
638,Worst cervelaat-,375,1.3,17.8,33.0
639,Spek ontbijt-,312,0.5,15.7,27.5
640,Worst lever-,294,1.8,14.5,25.3
641,Bacon,188,0.5,18.5,12.4
642,Pate room-,360,5.7,9.6,33.0
643,Casselerrib gerookt/gekookt,130,2.8,18.3,5.1
644,Koffie bereid,1,0.1,0.2,0.0
645,Thee bereid,0,0.0,0.0,0.0
650,Kool rode m appeltjes diepvries gekookt,57,9.9,1.1,1.0
651,Spinazie a la creme diepvries gekookt,44,0.8,2.9,3.0
653,Ontbijtproduct Rice Krispies Kellogg's,389,86.0,7.0,1.2
654,Kaas huttenkase,92,2.3,11.2,3.9
655,Beschuit volkoren/meergranen,394,69.0,14.0,5.0
657,Yoghurtdrank,57,12.0,1.6,0.1
658,Rijst witte gekookt,146,32.2,3.2,0.3
659,Pasta witte gem gekookt,142,27.7,5.1,0.9
660,Bonen bruine blik/glas,120,18.0,6.5,0.7
664,Sap grapefruit-,34,7.3,0.5,0.0
665,Banaan bak- rijp rauw,138,32.0,1.3,0.0
667,Cassave rauw,142,33.5,0.6,0.2
668,Taro rauw,119,26.2,1.4,0.2
669,Yam rauw,124,28.2,1.5,0.3
670,Pomtajer rauw,136,31.0,2.0,0.0
671,Aardappel zoete rauw,91,19.7,1.2,0.3
672,Agoemawiwiri rauw,60,7.0,5.0,1.0
673,Amsoi rauw,32,3.2,2.5,0.3
674,Antroewa rauw,30,6.0,1.0,0.0
675,Dagoeblad rauw,34,5.0,3.0,0.0
676,Kaisoi rauw,32,5.0,3.0,0.0
677,Klaroen rauw,56,7.0,4.0,1.0
679,Kousenband rauw,43,7.0,3.0,0.0
680,Okra rauw,23,1.8,1.9,0.2
681,Poeng rauw,31,6.0,1.0,0.0
682,Pompoen rauw,14,2.0,0.7,0.2
683,Sopropo rauw,15,0.9,1.0,0.2
684,Tajerblad rauw,19,2.0,2.0,0.0
685,Bonen black eyed gedroogd,367,62.0,23.0,2.0
686,Erwten split- gele/groene gedroogd,359,61.0,22.0,2.0
689,Avocado,186,1.8,2.0,18.4
690,Guave (met roze vruchtvlees),75,10.9,2.6,1.0
691,Limoen,41,7.7,0.7,0.2
692,Mango,66,14.3,0.6,0.2
693,Papaja,39,7.8,0.5,0.3
694,Tamarinde,301,72.0,3.0,0.0
695,Meel cassave-,354,82.7,0.9,0.5
696,Meel mais-,363,76.7,6.1,1.7
697,Bojo cassavetaart Surinaams,214,31.0,1.9,8.6
698,Rundvlees gezouten rauw Surinaams,201,0.0,14.5,15.8
699,Rundvlees gezouten gedroogd Surinaams,305,0.0,65.0,5.0
702,Garnalen gezouten gedroogd,274,1.0,63.0,2.0
703,Bakkeljauw (gedroogde gezouten kabeljauw),355,0.0,82.0,3.0
704,Garnalenpasta trassie,208,2.5,37.0,5.0
712,Rijst zilvervlies- rauw,357,73.5,8.3,2.6
713,Wafel stroop- gem,473,70.2,3.8,19.3
714,Kaas blauwschimmel Roquefort,357,0.0,19.0,31.0
716,Kaas Saint Paulin/Port Salut,341,0.0,21.5,28.2
717,Chocolade melk- m hazelnoten,562,50.2,7.7,35.9
718,Kaas Parmezaanse,404,0.0,40.0,27.0
719,Kaas room- zachte Mon Chou,316,2.4,6.8,31.0
721,Kaas Limburgse,283,2.0,21.0,21.0
722,Kaas Gruyere,433,1.4,29.0,34.5
724,Kaas Emmentaler,387,0.0,29.0,30.0
725,Kaas Cheddar,415,0.1,25.5,34.4
726,Kaas blauwschimmel Bluefort,405,0.0,17.9,37.0
727,Bonbon m likeur,383,49.2,3.3,16.6
728,Kaas room- zachte Boursin,411,3.0,7.5,41.0
729,Halvanaise,400,9.0,1.0,40.0
736,Pudding vanille-,89,13.7,3.9,2.0
737,Aardappelpuree instant- gem bereid,83,14.1,2.9,1.5
747,Mineraalwater m en z koolzuur gem,0,0.0,0.0,0.0
749,Vlaaivulling blik,99,23.0,0.5,0.1
750,Marshmallows,329,77.3,4.6,0.1
751,Drop Engelse,394,82.0,3.7,5.2
752,Winegum/fruitgom,319,74.2,5.0,0.2
757,Soep heldere m soepgroente en vermicelli,17,2.5,0.7,0.4
758,Soep heldere m vlees (rund/kip),39,0.3,4.9,2.0
759,Soep heldere m soepgroente,10,1.0,0.4,0.3
760,Soep heldere m vlees (rund/kip) en vermicelli,46,1.9,5.1,2.0
761,Soep heldere m vlees (rund/kip) en soepgroente,36,0.9,4.1,1.7
762,"Soep heldere m vlees (rund/kip), soepgroente en vermicelli",42,2.1,4.4,1.7
763,Soep gebonden m soepgroente,36,2.7,0.7,2.4
764,Soep gebonden m vlees (rund/kip),64,2.1,4.9,3.9
765,Soep maaltijd- m peulvruchten z vlees,58,7.0,3.3,1.0
766,Soep maaltijd- m peulvruchten en vlees,99,9.3,6.3,3.3
767,Mousse chocolade- huishoudelijk bereid,301,27.4,8.9,16.8
782,Worst thee-,329,0.5,12.0,31.0
783,Worst paling-,308,4.0,13.0,26.6
784,Ham achter-,134,2.5,18.0,5.7
785,Ham schouder-,133,2.4,16.4,6.2
787,Ragout m vlees,101,3.9,8.4,5.7
788,Goulash,112,2.5,10.5,6.6
789,Koek boter-,456,49.7,4.6,26.1
790,Amandelspijs m ei,446,45.1,10.3,24.2
791,Soep heldere m vermicelli,15,2.4,0.5,0.4
792,Soep gebonden m vlees (rund/kip) en soepgroente,55,3.2,2.9,3.3
796,Worst incl leverproducten gem,343,2.5,15.7,29.9
797,Soep op groentebasis bereid pakje,23,3.3,0.5,0.8
798,Soep op vleesbasis bereid pakje,13,2.0,0.7,0.2
799,Soep op peulvruchtenbasis bereid pakje,45,6.2,2.7,0.5
800,Soep op groentebasis kant-en-klaar blik/zak/pak,47,5.7,1.3,1.9
801,Soep op vleesbasis kant-en-klaar blik/zak/pak,25,2.5,2.0,0.7
802,Soep op peulvruchtenbasis kant-en-klaar blik/zak/pak,80,9.5,4.0,2.3
804,Kaas schapen- vers,238,0.0,17.0,18.8
805,Kruidenbitter Jagermeister,294,14.0,0.0,0.0
807,Spread fruit- m zoetstof,156,59.2,0.4,0.2
809,Santen kokoscreme vast,686,12.9,6.8,67.3
810,Filet americain,240,3.0,14.2,18.8
811,Pasta volkoren rauw,344,64.0,13.3,2.2
812,Room zure,134,3.4,3.0,12.0
813,Schol rauw,76,0.0,16.4,1.2
814,Vissticks gebakken in zonnebloemolie,239,13.9,16.4,13.0
815,Vissticks onbereid,194,17.0,13.0,8.0
817,Schol gebakken,194,2.0,22.0,10.9
818,Lekkerbekje gefrituurd in plantaardige olie,210,8.2,19.0,11.2
819,Kabeljauw gekookt,105,1.0,23.0,1.0
820,Kabeljauw rauw,75,0.0,17.5,0.6
822,Bokking bak- gebakken,299,3.0,21.6,22.2
823,Peper zwarte/witte,332,52.0,11.0,3.0
824,Mosterd,129,6.6,6.7,7.8
825,Nootmuskaat,536,45.0,6.0,36.0
826,Kaneel,316,56.0,4.0,3.0
827,Komijnzaad gedroogd,427,34.0,18.0,22.0
828,Kruidnagel,431,52.0,6.0,20.0
829,Bieslook vers,62,8.0,4.0,1.0
830,Knoflook rauw,158,31.0,6.4,0.5
831,Kervel vers,44,3.6,4.0,1.0
832,Gemberwortel,81,15.7,1.8,0.8
833,Appelcarre,278,38.6,3.7,11.7
835,Taart kwark-,218,21.4,5.5,12.2
836,Koekje zand-,479,53.5,4.6,27.0
838,Sesamzaad z schil,632,1.8,22.7,57.4
839,Bonen soja- gedroogd,418,15.8,35.9,18.6
841,Zout m toegevoegd jodium,0,0.0,0.0,0.0
842,Bouillonpoeder,197,17.8,20.2,5.1
843,Broodje worsten- diepvries bereid in oven,369,38.0,11.0,19.0
844,Dressing naturel z olie,32,7.9,0.0,0.0
845,Candybar Twix,495,64.6,4.5,23.9
847,Gierst rauw,368,69.4,11.8,4.2
848,Grapefruit op siroop blik/glas,66,15.5,0.5,0.0
849,Venkel rauw,17,2.0,1.0,0.0
850,Groente zoetzuur atjar tjampoer glas,42,7.6,1.0,0.2
851,Paprika zoetzuur glas,16,2.0,0.9,0.1
852,Salade selderij- lunch/borrel,206,9.1,1.0,17.6
853,Gado gado z rijst en z ei,103,5.0,3.7,7.0
854,Taart vruchten- v biscuitdeeg m slagroom,228,21.8,3.1,14.1
855,Speculaas gevulde,437,47.1,7.2,23.9
856,Rosti onbereid,123,21.5,2.5,2.5
857,Madeira,166,10.0,0.0,0.0
858,Juspoeder,342,55.2,10.8,8.2
859,Aroma vloeibaar,70,6.4,10.6,0.1
860,Aroma strooi-,176,25.0,9.9,3.9
861,Sap bieten-,34,7.7,0.9,0.0
862,Milkshake m vers fruit,97,17.2,2.4,1.9
863,Yoghurt vruchten- volle,97,12.7,3.7,3.1
865,Sate kip- m saus bereid,175,9.1,13.1,9.3
866,Fruitgom pectine gesuikerd,341,84.2,0.3,0.3
867,Lijnzaad,477,13.0,19.0,31.0
869,Meel soja-,429,7.6,39.1,22.9
870,Drink soja- z suiker,35,1.0,3.4,1.8
871,Sojapasta miso,130,6.2,11.7,5.0
872,Zonnebloempitten,647,13.0,18.0,56.5
873,Biscuit meergranen- Liga Evergreen krenten,390,67.0,6.9,9.1
875,Appel m schil gem,56,12.0,0.3,0.2
876,Pinda's gezouten,620,13.2,24.8,50.5
878,Croissants uit blik afgebakken,421,46.0,7.0,22.6
879,Boter gezouten,737,1.1,0.7,81.2
880,Smeltjus onbereid pakje,650,4.0,1.0,70.0
882,Kaas Kernhemmer 60+,443,0.0,18.6,40.6
883,Kaas Old Amsterdam 48+,404,0.0,26.0,33.0
884,Paprika rode rauw,25,4.3,0.8,0.1
885,Paprika rode gekookt,28,5.1,0.9,0.1
893,Sate varkens- m saus bereid,158,9.3,11.9,7.9
898,Pasteibakje roomboter-,570,43.4,8.9,39.6
899,Pasteibakje z roomboter,566,43.9,8.4,39.1
901,Broodje worsten-,382,34.2,11.8,21.8
908,Soepballetjes blik,189,3.5,10.0,15.0
912,Pudding frambozen- m rode bessensaus,104,17.6,3.4,2.2
917,Kwark vruchten- halfvolle,109,12.8,5.9,3.5
918,Schol gekookt,98,1.0,19.0,2.0
919,Koolvis (Atlantisch) gekookt,114,0.0,25.0,1.5
920,Broccoli gekookt,27,0.8,3.9,0.3
921,Broccoli rauw,27,0.7,2.9,0.7
922,Courgette rauw,18,2.3,1.3,0.2
923,Sap peren-,39,9.5,0.1,0.0
925,Koek ontbijt- volkoren,308,67.7,3.1,1.7
927,Kaas 20+ natriumarm,264,0.0,36.7,13.0
928,Kaas 40+ natriumarm,339,0.0,29.4,24.6
929,Chocolade melk- suikervrij,485,47.8,7.1,34.7
930,Wijn pleegzusterbloed-,154,14.0,0.0,0.0
931,Kwark vruchten- magere,80,10.3,8.6,0.2
938,Pudding griesmeel- m rode bessensaus,113,20.5,2.8,2.2
940,Pudding vanille- m aardbeiensaus,112,18.8,4.1,2.3
943,Bitterbal bereid in oven,302,23.0,11.0,18.0
944,Kroket vlees- bereid in oven,204,20.9,8.9,9.0
948,Rosti bereid z vet,149,22.8,1.9,5.1
950,Gist vers,66,1.0,11.4,0.4
951,Bonen sperzie- gekookt,25,2.2,1.8,0.4
952,Kool boeren- diepvries gekookt,37,2.5,2.0,1.6
953,Doperwten diepvries gekookt,92,14.8,6.0,0.0
954,Bonen sperzie- diepvries gekookt,34,5.4,1.8,0.1
957,Asperge witte gekookt,21,3.0,1.0,0.3
958,Biet rode gekookt,30,4.6,1.2,0.1
959,Kool boeren- rauw,33,1.6,3.0,0.6
960,Schorseneren gekookt,84,17.0,1.0,1.0
961,Bonen snij- gekookt,23,1.9,1.8,0.0
962,Bonen tuin- gekookt,45,4.0,5.0,0.0
963,Doperwten gekookt,69,11.0,4.0,0.0
964,Peultjes gekookt,33,5.0,2.0,0.0
966,Courgette gekookt,19,2.3,1.5,0.1
967,Venkel gekookt,17,2.0,1.0,0.0
969,Kapucijners gekookt,127,15.7,9.5,0.9
970,Linzen groene en bruine gekookt,99,11.6,8.8,0.7
971,Bonen soja- gekookt,123,4.6,10.6,5.5
972,Erwten groene gekookt,126,17.2,8.4,0.8
975,Knackebrod sesam,421,67.8,12.8,9.8
976,Knackebrod lichtgewicht,334,59.0,10.0,1.5
980,Sportvoeding reep Isostar Energy Bar,399,72.5,5.0,9.3
982,Aardappelen z schil gekookt gem,83,17.4,1.9,0.3
995,Soep op groentebasis natriumarm bereid,22,4.0,0.8,0.2
1007,Granaatappel,91,17.0,1.0,1.0
1008,Toetje m room,105,15.3,2.5,3.8
1010,Vijgen vers,84,19.0,1.0,0.0
1011,Roggebrood volkoren natriumarm,201,37.6,5.6,1.3
1013,Paneermeel,357,69.9,11.6,1.6
1014,Rijst zilvervlies- gekookt,131,26.4,3.1,1.0
1015,Tarwe gebroken bulgur rauw,340,63.4,12.3,1.3
1017,Tarweroggebrood volkoren,234,40.9,9.7,1.9
1018,Vlokken rogge-,318,57.0,8.1,1.7
1019,Grutten boekweit-,353,76.4,7.5,1.4
1020,Meel bak- zelfrijzend,334,69.2,9.8,1.0
1021,Artisjok rauw,49,9.5,2.0,0.0
1022,Beschuit natriumarm,399,71.0,14.0,6.0
1023,Bloem rijste- verrijkt m vit B1,380,85.3,7.5,0.9
1025,Gist gedroogd,390,36.0,48.0,6.0
1056,Kiwi groene,62,10.8,0.9,0.8
1057,Kaki / Sharonvrucht,77,18.6,0.5,0.0
1065,Glucosepoeder,364,91.0,0.0,0.0
1067,Orisel-Junior p 100 ml Nutricia,9,2.2,0.0,0.0
1068,Orisel p 100 ml Nutricia,9,2.2,0.0,0.0
1074,Passievrucht,52,5.7,2.6,0.4
1076,Kefir,40,3.1,3.5,1.5
1087,Sla mol- rauw,55,8.0,3.0,1.0
1090,Lychee,72,16.1,0.9,0.1
1094,Pate/smeerworst vegetarisch obv voedingsgist,218,9.3,4.6,17.5
1095,Erwten kikker- gekookt,138,15.9,7.6,3.0
1096,Zalm gerookt,188,0.8,21.8,10.8
1097,Kaviaar,281,0.0,24.0,20.5
1098,Inktvis rauw,73,0.0,16.0,1.0
1099,Kumquat,52,9.1,0.9,0.5
1100,Haring in (zoet)zuur,208,0.0,16.0,16.0
1101,Slakken wijngaard-,85,2.0,16.0,1.4
1104,Kaas rook- 45+,331,1.8,21.2,26.2
1105,Meloen water-,36,8.0,0.5,0.0
1106,Meloen suiker-,30,6.3,0.9,0.0
1108,Kaas Rambol,291,2.3,13.6,25.0
1109,Kaas smeer- 60+ Kiri,330,2.0,8.5,32.0
1110,Kaas Stilton,388,0.1,21.3,33.4
1111,Kaas Camembert 30+,223,0.0,24.0,14.0
1112,Kaas rauwmelkse 48+,392,0.0,26.0,32.0
1113,Kaas 48+ natriumarm,381,0.0,26.1,30.7
1116,Meloen op siroop blik/glas,80,19.0,0.5,0.0
1119,Doperwten extra fijn natriumarm blik/glas,51,6.5,4.0,0.0
1127,Sap citroen- vers,47,8.0,0.4,0.0
1132,Sap tomatengroenten-,21,4.0,1.0,0.0
1133,Champignon natriumarm blik/glas,18,0.2,2.1,0.4
1134,Kruidenbitter Berenburg,189,0.0,0.0,0.0
1136,Andijvie diepvries onbereid,9,0.3,1.0,0.0
1139,Doperwten m wortelen diepvries onbereid,58,7.1,3.8,0.4
1141,Groentemix Mexico Melange diepvries onbereid,85,12.0,4.5,0.9
1143,Bonen snij- diepvries onbereid,28,3.6,1.9,0.1
1144,Groente soep- diepvries onbereid,25,3.0,2.0,0.0
1146,Spinazie gesneden diepvries onbereid,20,1.1,2.3,0.3
1147,Spruitjes diepvries gekookt,47,5.6,2.3,0.7
1148,Bonen tuin- diepvries onbereid,87,9.3,7.5,0.6
1150,Aardappelschijfjes/-partjes ed diepvries onbereid,134,21.2,2.5,3.8
1151,Vleeswaren >30 g vet gem,393,2.6,16.4,35.1
1152,Worst salami,392,0.9,18.7,34.8
1155,Gehakt gebraden (vleeswaar),304,5.6,12.8,25.6
1156,Sap tomatengroenten- natriumarm,21,4.0,1.0,0.0
1157,Augurk zoetzuur natriumarm,17,2.8,1.1,0.0
1158,Ui zilver- zoetzuur natriumarm glas,21,3.0,1.0,0.0
1159,Ui zilver- zoetzuur z suiker glas,21,3.0,1.0,0.0
1160,Augurk zoetzuur z suiker,14,1.1,1.2,0.3
1161,Komkommerschijven zoetzuur glas,9,1.0,0.7,0.0
1162,Worst gekookte,357,3.7,11.3,33.0
1171,Vleeswaren 20-30 g vet gem,310,2.9,13.7,26.9
1172,Vleeswaren 10-20 g vet gem,213,3.2,14.9,15.5
1182,Appelmoes z suiker blik/glas,48,10.7,0.2,0.0
1187,Bamboespruiten blik/glas,33,6.0,2.0,0.0
1211,Vleeswaren <10 g vet gem,144,2.5,18.4,6.5
1212,Zout mineraal- natriumarm LoSalt,0,0.0,0.0,0.0
1213,Ketjap zout,211,50.0,2.8,0.0
1214,Ketjap zoet natriumarm,238,55.0,4.5,0.0
1215,Ketjap zoet,234,55.0,3.5,0.0
1216,Smaakversterker mononatriumglutamaat Ve-tsin,0,0.0,0.0,0.0
1220,Basilicum gedroogd,244,10.1,23.0,4.1
1221,Chilipoeder,373,32.0,12.0,17.0
1223,Kerrie djawa,370,36.5,12.0,14.0
1224,Kervel gedroogd,303,38.0,23.0,4.0
1225,Peper cayenne- rood,379,32.0,12.0,17.0
1226,Majoraan gedroogd,319,42.0,13.0,7.0
1227,Mosterd natriumarm,126,3.1,6.5,9.5
1228,Oregano gedroogd,360,49.0,11.0,10.0
1229,Paprikapoeder,359,35.0,15.0,13.0
1230,Peterselie gedroogd,309,41.0,22.0,4.0
1231,Rozemarijn gedroogd,374,46.0,5.0,15.0
1232,Sambal oelek,36,4.9,1.6,0.7
1233,Sambal oelek natriumarm,50,4.0,3.0,2.0
1234,Sambal gebakken,250,15.5,4.4,18.5
1235,Selderij blad- vers,16,2.0,1.0,0.0
1236,Serehpoeder,216,30.0,5.0,3.0
1238,Worst lever- hausmacher,266,5.2,15.4,20.4
1239,Worst smeerlever-,319,3.0,12.3,28.6
1242,Vruchten op eigen sap blik/glas,48,10.3,0.6,0.1
1253,Knackebrod vezelrijk,350,48.0,13.0,6.5
1255,Makreel in water blik,257,0.0,18.6,20.3
1256,Marsepein,420,64.2,5.3,15.3
1260,Mayonaiseproduct m yoghurt,281,13.0,0.9,25.0
1261,Zuigelingenvoeding Nutrilon 1 p 100 ml,66,7.3,1.3,3.4
1278,Babyvoeding maaltijd 6 mnd,72,8.7,3.3,2.3
1279,Kindervoeding maaltijd 15 mnd,70,9.0,3.6,1.9
1280,Babyvoeding fruit 4 mnd,58,13.0,0.5,0.1
1281,Babyvoeding groente 4 mnd,50,9.7,1.3,0.2
1294,Vruchtendrank m zuivel Taksi m suiker,32,7.9,0.1,0.0
1297,Spek rook- vet bereid,505,0.0,25.0,45.0
1302,Kaas room- zachte Paturain,354,2.3,7.0,35.3
1305,Kip z vel rauw,139,0.0,20.5,6.3
1306,Kip soep- m vel rauw,247,0.0,19.0,19.0
1310,Scholfilet gebakken/gestoofd,112,0.5,18.9,3.8
1311,Hagelslag chocolade- gem,449,69.3,5.7,15.3
1312,Cracker luchtige Cracottes natural,381,75.0,12.0,2.8
1314,Ei kippen- gebakken,220,0.9,14.4,17.6
1315,Kabeljauwfilet gebakken/gestoofd,118,0.6,21.5,3.3
1317,Kip/bout z vel gegrild,188,0.6,28.5,7.9
1321,Biscuit haver- Liga HaverKick,397,65.0,5.0,12.0
1326,Gehakt hoh rul gebakken,317,0.4,30.1,21.6
1338,Ontbijtproduct Olvarit pap tarwe en rogge 8+ mnd,376,72.0,11.6,2.1
1356,Biscuit meergranen- Liga Evergreen ov smaken,387,68.0,6.4,8.6
1361,Tarwebrood wit Turks,250,49.3,8.5,1.5
1364,Turks fruit,372,92.9,0.0,0.0
1365,Baklava,461,49.2,10.4,24.5
1366,Tulumba tatlisi gefrituurde soesjes Turks,391,54.8,4.4,16.9
1367,Worst droge sucuk Turks,446,6.7,20.4,37.5
1368,Worst salam Turks,271,6.5,14.8,20.6
1369,Kikkererwten geroosterd leblebi Turks,400,53.6,21.3,8.1
1370,Druivenblad glas,33,1.8,3.3,0.0
1371,Tafelzuur tursu Turks,24,3.9,0.6,0.0
1375,Gehakt runder- kofte Turks bereid,251,8.2,25.8,12.6
1376,Gehakt schapen- kofte Turks bereid,203,3.8,22.6,10.6
1377,Groenteschotel m vlees turlu Turks bereid,74,6.8,4.1,2.9
1380,Dessert soja- verrijkt m calcium en vitamines,85,13.4,3.1,1.9
1381,Drink soja- m suiker verrijkt m calcium en vitamines,37,3.0,3.0,1.4
1382,Kaas 30+ gem,280,0.0,30.1,17.7
1389,Drop gem,333,73.2,8.4,0.4
1390,Gehaktbal runder- m ei gebakken,308,5.2,27.0,19.8
1391,Spek mager bereid,424,0.3,25.7,35.5
1392,Kipfilet bereid,158,0.0,30.9,3.8
1393,Ui gebakken in plantaardige olie,58,5.4,1.3,3.0
1395,Roggebrood volkoren/roggetarwebrood bruin gem,196,36.1,5.8,1.3
1397,Tomaat gestoofd,59,1.9,0.9,5.1
1398,Kool boeren- glas,25,0.9,2.4,0.6
1399,Sla ijsberg- rauw,14,1.4,1.0,0.2
1400,Runderbiefstuk rauw,108,0.0,22.9,1.8
1401,Runderbiefstuk v de haas rauw,116,0.0,23.7,2.3
1402,Runderentrecote rauw,165,0.0,23.0,8.1
1404,Runderbaklappen rauw,103,0.0,21.2,2.0
1405,Gehakt runder- rauw,225,0.2,18.9,16.5
1406,Runderklapstuk rauw,137,0.0,19.8,6.4
1407,Lever runder- rauw,129,1.9,21.0,4.2
1408,Runderpoulet rauw,106,0.0,22.1,2.0
1409,Runderrollade rauw,109,0.2,23.2,1.7
1410,Runderrosbief rauw,122,0.0,22.9,3.4
1411,Runderschenkel rauw,117,0.0,22.6,3.0
1412,Runderriblappen rauw,166,0.0,20.1,9.5
1413,Runder doorregen lappen rauw,147,0.0,20.6,7.2
1414,Rundersukadelappen rauw,135,0.0,21.3,5.5
1415,Rundertartaar rauw,137,0.3,21.1,5.7
1416,Rundertong rauw,188,0.0,17.3,13.2
1417,Varkensbraadworst rauw,226,0.6,16.8,17.2
1418,Varkensfiletlappen rauw,128,0.0,23.3,3.9
1419,Varkensfricandeau rauw,120,0.0,22.9,3.2
1420,Varkenshamlappen rauw,114,0.0,22.2,2.8
1421,Gehakt varkens- rauw,177,0.3,20.1,10.7
1422,Varkenshaas rauw,105,0.0,22.4,1.7
1423,Varkenshamschijf rauw,191,0.0,19.8,12.4
1424,Varkenshaaskarbonade rauw,156,0.0,23.2,7.0
1425,Varkensschouderkarbonade rauw,186,0.0,19.1,12.2
1426,Lever varkens- rauw,129,0.2,21.3,4.8
1427,Varkenskrabbetjes rauw,250,0.0,18.3,19.6
1429,Varkensoester rauw,115,0.0,23.5,2.4
1430,Varkensschouderlappen rauw,133,0.0,20.7,5.5
1431,Vink sla- rauw,266,3.3,15.3,21.2
1432,Speklap rauw,320,0.0,16.5,28.2
1434,Gehakt hoh rauw,233,0.3,19.2,17.2
1435,Hamburger rauw,239,2.2,16.8,18.0
1436,Kalfsentrecote rauw,150,0.0,21.4,7.2
1437,Vink kalfs- rauw,159,0.0,20.7,8.5
1438,Kalfsfricandeau rauw,111,0.0,22.0,2.6
1439,Lever kalfs- rauw,108,2.0,17.7,3.3
1440,Kalfsschenkel rauw,112,0.0,21.3,2.9
1441,Kalfstong rauw,168,0.0,17.6,10.9
1442,Kalfszwezerik rauw,89,0.0,18.4,1.7
1443,Lamsbout rauw,174,0.0,19.2,10.8
1444,Gehakt lams-/schapen- rauw,218,0.0,19.3,15.7
1445,Lamskarbonade rauw,223,0.0,19.2,16.3
1446,Lamszadel rauw,256,0.0,18.6,20.2
1447,Lamsschouder rauw,187,0.0,20.0,11.9
1450,Chocolade puur suikervrij,454,42.1,5.3,33.0
1451,Chocolade melk- m hazelnoten z suiker,498,46.5,8.9,35.4
1454,Biet rode zoetzuur glas,37,7.6,0.5,0.1
1455,Aardappelpureepoeder gem,368,70.2,8.6,4.6
1456,Frites voorgebakken diepvries onbereid,146,24.4,2.3,3.8
1457,Aardappelen gebakken,119,16.5,1.8,4.8
1458,Seitan gekruid,198,4.0,28.4,7.2
1459,Tarwekrentenbrood volkoren,253,46.2,9.3,1.9
1460,Koek ontbijt- gember,318,70.7,2.7,2.1
1461,Pasta sesam- tahin m toegevoegd zout,585,1.8,21.9,51.7
1462,Sap ananas-,47,11.2,0.5,0.0
1463,Vruchtendrank 2 of meer vruchten,43,10.7,0.2,0.0
1464,Melk chocolade- halfvolle,76,11.9,3.3,1.6
1465,Likeur <15 vol% alc,200,29.0,0.0,0.0
1466,Likeur >25 vol% alc,291,29.0,0.0,0.0
1468,Bier zwaar >7 vol% alcohol,64,4.3,0.5,0.0
1469,Room banketbakkers-,143,22.9,3.6,4.1
1470,Berliner bol,293,44.4,5.3,10.0
1471,Biscuit m chocolade,479,65.8,7.3,20.0
1472,Creme au beurre,567,40.4,0.6,44.8
1473,Donut ongevuld,358,35.5,6.0,21.1
1474,IJs water-,75,18.0,0.2,0.2
1475,Soes slagroom-,283,15.1,4.1,22.9
1476,Taart schuim- m creme au beurre,391,50.7,4.6,18.7
1477,Koekje suikervrij,433,63.7,6.6,21.4
1478,Vlaai kruimel- m vruchten,199,30.9,3.3,6.4
1479,Taart Mon Chou-,330,33.2,2.5,20.5
1480,Koekje PiM's sinaasappel,373,60.0,3.6,12.5
1481,Wafel rijst- naturel m (zee)zout,392,81.3,7.8,3.2
1483,Stamppot boerenkool z vlees bereid,82,11.6,1.9,2.6
1484,Uitjes gebakken kant-en-klaar,590,40.0,6.0,44.0
1485,Stamppot wortel/ui z vlees bereid,63,10.0,1.1,1.6
1486,Stamppot zuurkool z vlees bereid,68,10.1,1.5,2.0
1487,Kaas Brie 60+,369,1.0,17.0,33.0
1488,Kaassouffle diepvries onbereid,304,32.8,8.1,15.4
1489,Kaas verse light 8% vet,132,2.5,11.3,8.5
1491,Lasagne bolognese koelverse maaltijd,162,12.1,9.0,8.4
1492,Jus gem ongebonden bereid z juspoeder,340,0.3,0.2,37.6
1493,Taart hartige v brooddeeg m groente/kaas/ei,159,13.5,7.9,7.8
1496,Salade vis- lunch/borrel,304,6.9,8.6,26.8
1497,Salade ham-prei- lunch/borrel,243,7.0,3.6,21.9
1498,Salade kip-kerrie- lunch/borrel,285,6.9,8.8,24.3
1499,Salade ei- lunch/borrel,255,5.6,7.3,22.3
1501,Mix kruiden- m gedroogde groente onbereid,311,57.0,9.5,3.8
1502,Yoghurt halfvolle,50,4.3,4.2,1.5
1505,Chips light naturel,490,63.5,7.3,22.0
1506,Soesje kaas-,317,8.6,6.0,28.5
1507,Borstplaat room-,346,79.0,0.7,3.1
1508,Bonbon,512,51.8,5.5,30.7
1509,Mueslireep m chocolade,472,61.7,7.9,20.2
1512,Schnitzel vegetarisch obv soja/tarwe onbereid verrijkt m ijzer en vit B12 ,192,14.5,15.5,7.0
1515,Saus op basis roux bereid,84,6.5,2.4,5.3
1516,Saus op basis groentenat/melk bereid z vet,46,7.2,2.2,0.9
1517,Saus op basis pakje <3% vet bereid,62,10.6,1.7,1.4
1518,Saus op basis pakje >3% vet bereid,76,7.8,1.2,4.4
1519,"Bier alcoholvrij <0,1 vol% alcohol",26,6.1,0.3,0.0
1520,"Bier alcoholarm 0,1-1,2 vol% alcohol",22,4.5,0.3,0.0
1521,Limonade vruchten- light,3,0.7,0.0,0.0
1522,Frisdrank light z cafeine,0,0.0,0.0,0.0
1523,Frisdrank light m cafeine,0,0.0,0.0,0.0
1524,Saus tomaten- kant-en-klaar glas,68,6.9,1.6,3.3
1528,Bouillon v blokje bereid,5,0.3,0.1,0.3
1530,Boterproduct halfvolle,337,0.7,0.3,37.0
1531,Stamppot rauwe andijvie z vlees bereid,65,12.7,1.9,0.4
1533,Taart hartige v bladerdeeg m groente/kaas/ei,215,12.7,8.7,14.1
1536,Runderbiefstuk bereid,146,0.0,29.3,3.2
1538,Runderentrecote bereid,192,0.0,31.0,7.5
1539,Runderbaklappen bereid,140,0.0,27.5,3.3
1540,Gehakt runder- rul gebakken,331,0.3,30.4,23.1
1541,Runderklapstuk bereid,187,0.0,29.6,7.6
1542,Lever runder- bereid,161,0.0,28.1,5.4
1543,Runderpoulet bereid,216,0.0,30.9,10.2
1544,Runderrollade gebakken,157,0.2,33.5,2.3
1545,Runderrosbief bereid,156,0.2,27.2,5.1
1546,Runderschenkel bereid,140,0.0,27.5,3.3
1547,Runderriblappen bereid,230,0.0,34.1,10.4
1548,Runder doorregen lappen bereid,212,0.0,34.6,8.2
1549,Rundersukadelappen bereid,189,0.0,33.4,6.1
1550,Rundertartaar bereid,186,0.3,30.1,7.2
1551,Varkensbraadworst bereid,246,0.6,22.4,17.1
1552,Varkensfiletlappen bereid,157,0.0,28.7,4.7
1553,Varkensfricandeau bereid,158,0.0,31.2,3.7
1554,Varkenshamlappen bereid,167,0.0,31.1,4.7
1555,Gehakt varkens- gebakken,243,0.2,26.4,15.2
1556,Varkenshaas bereid,142,0.0,28.7,3.0
1557,Varkenshamschijf bereid,308,0.0,37.1,17.7
1558,Varkenshaaskarbonade bereid,179,0.0,28.5,7.3
1559,Varkensschouderkarbonade bereid,308,0.0,37.1,17.7
1560,Lever varkens- bereid,164,0.0,27.9,5.8
1561,Varkenskrabbetjes bereid,246,0.6,22.4,17.1
1563,Varkensoester bereid,142,0.0,28.7,3.0
1564,Varkensschouderlappen bereid,170,0.0,27.6,6.6
1565,Vink sla- gebakken,277,1.0,20.7,21.1
1568,Gehaktbal hoh m ei gebakken,262,5.3,20.5,17.4
1569,Hamburger bereid,255,0.9,22.5,17.9
1570,Kalfsentrecote bereid,166,0.0,27.5,6.3
1571,Vink kalfs- gebakken,186,0.3,30.1,7.2
1572,Kalfsfricandeau bereid,121,0.0,25.2,2.2
1573,Lever kalfs- bereid,172,2.0,27.9,5.8
1574,Kalfsschenkel bereid,140,0.0,27.5,3.3
1575,Lamsbout bereid,256,0.0,25.6,17.1
1576,Gehakt lams- gebakken,252,0.3,30.4,14.4
1577,Lamskarbonade bereid,350,0.0,25.8,27.5
1578,Lamszadel bereid,308,0.0,24.7,23.2
1579,Lamsschouder bereid,284,0.0,27.9,19.1
1583,Mosselen gebakken/gefrituurd in plantaardige olie,268,7.2,17.2,19.0
1584,Inktvisringen gefrituurd in plantaardige olie,440,13.8,26.2,31.1
1585,Heilbot gerookt,211,0.0,19.4,14.8
1586,Makreelfilet gerookt,301,0.0,21.1,24.1
1587,Zalm kweek- rauw,179,0.0,20.0,11.0
1588,Ansjovis in olie blik,208,0.1,25.0,11.9
1589,Tonijn in olie blik,206,0.1,27.0,10.8
1590,Tonijn in water blik,109,0.0,24.9,1.0
1595,Chili con carne,134,10.5,8.3,5.6
1599,Fructosepoeder,396,99.0,0.0,0.0
1601,Gehaktbal runder- z ei gebakken,304,5.5,26.5,19.4
1605,Bokking gestoomd,231,0.5,20.8,16.2
1607,Sprotfilet gerookt,212,0.0,19.9,14.8
1608,Makreel bereid in magnetron z toev,248,0.0,24.4,16.7
1609,Makreel in olie blik,267,0.1,20.0,20.7
1610,Zalm kweek- bereid in magnetron z toev,220,0.0,25.2,13.2
1611,Forel bereid in magnetron z toev,140,0.0,24.5,4.6
1612,Forel regenboog- bereid in magnetron z toev,167,0.0,23.7,8.0
1613,Kabeljauw bereid in magnetron z toev,98,0.0,23.5,0.4
1614,Schelvis bereid in magnetron z toev,100,0.0,22.3,1.2
1615,Koolvis (Atlantisch) bereid in magnetron z toev,108,0.0,24.5,1.2
1616,Wijting bereid in magnetron z toev,101,0.0,22.1,1.4
1617,Schol bereid in magnetron z toev,140,0.0,29.0,2.6
1618,Schar/tongschar bereid in magnetron z toev,119,0.0,23.9,2.6
1619,Tong bereid in magnetron z toev,116,0.0,24.5,2.1
1620,Bot bereid in magnetron z toev,106,0.0,21.9,2.0
1621,Poon bereid in magnetron z toev,171,0.0,26.1,7.4
1622,Baars rood- bereid in magnetron z toev,128,0.0,22.3,4.3
1623,Zeewolf bereid in magnetron z toev,127,0.0,25.2,2.9
1624,Paling bereid in magnetron z toev,207,0.0,24.3,12.2
1625,Paling zee- bereid in magnetron z toev,199,0.0,24.3,11.4
1627,Kuit/hom gebakken,262,3.9,13.9,21.2
1628,Kuit/hom v bokking,155,0.0,24.5,6.3
1629,Kuit vis- gekleurd glas,126,0.0,19.0,5.5
1630,Mosselen in zuur glas,106,2.2,17.2,3.1
1631,Garnalen in water blik,115,0.1,24.3,1.9
1632,Inktvis pijl- bereid in magnetron z toev,146,0.0,25.8,4.7
1633,Kip m vel bereid,226,0.0,25.3,13.8
1634,Kipfilet rauw,109,0.0,23.3,1.8
1635,Kip z vel bereid,183,0.0,27.3,8.2
1641,Kiprollade bereid,166,1.7,24.0,7.0
1642,Kiprollade rauw,175,0.2,20.6,10.3
1643,Kipnuggets bereid in oven,259,18.4,14.4,13.7
1644,Kipnuggets bereid m frituurvet,277,12.2,17.5,17.1
1645,Kipburger gepaneerd bereid,307,9.9,14.5,23.2
1646,Varkenslappen bereid,204,0.4,29.8,9.2
1647,Varkensribkarbonade bereid,177,0.0,28.4,7.1
1650,Kaas geiten- verse,207,1.0,13.4,16.6
1651,Stroop gerstemout-,283,66.4,4.4,0.0
1652,Stroop maismout-,287,69.4,2.3,0.0
1653,Stroop rijstmout-,292,72.6,0.3,0.0
1655,Diksap geconcentreerd,242,60.0,0.2,0.0
1656,Sap wortel-,29,6.4,0.4,0.2
1657,Sap zuurkool-,7,1.1,0.7,0.0
1663,Rundvlees <5 g vet rauw gem,108,0.0,22.6,2.0
1664,Rundvlees >5 g vet rauw gem,218,1.5,18.4,15.3
1665,Rundvlees <10 g vet bereid gem,163,0.0,30.2,4.7
1666,Rundvlees >10 g vet bereid gem,290,1.2,26.9,19.7
1667,Varkensvlees <5 g vet rauw gem,126,2.8,21.8,3.0
1668,Varkensvlees 5-14 g vet rauw gem,165,0.5,20.0,9.1
1669,Varkensvlees >15 g vet rauw gem,283,0.5,16.1,24.0
1670,Varkensvlees <10 g vet bereid gem,158,0.0,28.8,4.7
1671,Varkensvlees 10-19 g vet bereid gem,260,0.3,28.4,16.1
1672,Varkensvlees >19 g vet bereid gem,365,1.1,21.2,30.5
1673,Kalfsvlees <5 g vet gem rauw,105,0.0,22.0,1.8
1674,Kalfsvlees >5 g vet gem rauw,159,0.0,20.4,8.6
1675,Lamsvlees >10 g vet rauw gem,221,0.0,19.3,16.0
1676,Vlees <5 g vet excl lever rauw gem,113,0.7,22.8,2.1
1677,Vlees >5 g vet excl lever rauw gem,211,1.1,18.6,14.7
1678,Aardappelschijfjes diepvries gefrituurd in plantaardige olie,229,28.0,3.1,10.9
1679,Frites oven- diepvries bereid in oven,213,32.6,3.8,6.6
1680,Aardappelkroketten diepvries bereid,239,28.2,3.4,12.0
1687,Opvolgmelk Nutrilon 2 p 100 ml,68,8.6,1.4,3.0
1699,Koekje kaas-,495,41.9,13.3,30.1
1719,Melk halfvolle verrijkt m calcium,46,4.9,3.4,1.5
1720,Vla volle overige smaken,87,13.6,2.1,2.6
1721,Yoghurt vanille- halfvolle,72,11.4,2.9,1.3
1722,Pap griesmeel-,93,14.0,3.0,2.9
1723,Kaas 20+,246,0.0,34.5,12.0
1724,Kaas 50+,380,0.0,22.9,32.1
1725,Kaas gaten- Hollandse 45+,370,0.0,27.6,28.5
1726,Kaas 40+ Leidse/Friese nagel-,341,0.0,27.3,25.7
1764,Babyvoeding fruit 12 mnd,64,14.4,0.6,0.1
1770,Kindervoeding maaltijd 18 mnd,82,10.5,3.3,2.6
1771,Leverkaas/Berliner leverworst,319,4.5,12.3,27.6
1772,Varkensfricandeau gebraden (vleeswaar),117,1.3,21.6,2.8
1773,Zult zure,264,1.7,12.5,23.0
1774,Worst tongen-,247,2.0,17.2,18.8
1775,Spek ontbijt- gegrild,261,0.5,15.2,22.1
1776,Ham achter- gegrild,119,1.8,18.9,3.9
1777,Ham been-,127,2.2,18.3,5.0
1779,Knackebrod volkoren,363,64.0,10.9,4.0
1788,Varkensribkarbonade rauw,150,0.0,22.6,6.6
1789,Varkensschnitzel ongepaneerd bereid,142,0.0,28.3,3.2
1790,Varkensschnitzel ongepaneerd rauw,109,0.0,22.6,2.0
1791,Room spuitbus m suiker,305,11.0,2.3,28.0
1792,Maaltijdvervanger Modifast Intensive Muesli,358,38.0,35.0,5.8
1802,Knackebrod Sandwich Wasa,476,46.8,10.7,25.0
1803,Saus oosterse kant-en-klaar glas/zak,64,13.3,1.5,0.4
1808,Creme fraiche,293,2.8,2.6,30.0
1809,Kaas 45+,357,0.0,25.4,27.3
1810,Siroop vruchtenlimonade- Karvan Cevitam,177,44.0,0.1,0.0
1811,Kousenband gekookt,29,2.5,2.7,0.2
1812,Nectarine,36,6.5,1.0,0.1
1813,Melkdrank Yakult original,66,15.0,1.3,0.0
1832,Yoghurtdrank Vifit vruchten,55,8.3,3.1,0.8
1876,Salade komkommer- lunch/borrel,238,6.5,0.8,23.0
1877,Salade vlees- lunch/borrel,286,8.2,5.0,25.7
1878,Vruchtendrank Roosvicee Multivit,36,8.6,0.1,0.1
1879,Aroma strooi- natriumarm,235,27.9,22.1,3.6
1883,Bouillonpoeder natriumarm,348,67.4,5.3,6.3
1885,Water gem,0,0.0,0.0,0.0
1886,Chutney mango-,215,52.0,0.7,0.1
1887,Dadels vers,139,31.3,1.5,0.1
1888,Carambola,37,7.2,0.5,0.3
1889,Couscous rauw,363,72.1,12.0,2.1
1890,Gerst hele korrel rauw,330,59.7,10.6,2.1
1891,Mierikswortel rauw,80,11.0,4.5,0.3
1892,Paksoi rauw,14,1.4,1.0,0.2
1893,Kaas Bel Paese,374,0.1,25.4,30.2
1894,Bonen kidney- rode gedroogd,295,36.9,22.1,1.4
1895,Noten pecan- ongebrand ongezouten,721,4.4,9.2,72.0
1896,Noten pistache- gezouten,592,10.8,23.8,48.3
1897,Zeewier kelp rauw,47,8.3,1.7,0.6
1898,Zeewier agar agar gedroogd,336,73.2,6.2,0.3
1899,Jacobsschelpen rauw,83,2.4,16.8,0.8
1900,Geitenvlees rauw gem,103,0.0,20.6,2.3
1901,Nier varkens- rauw,86,0.0,15.5,2.7
1902,Nier runder- rauw,88,0.0,17.2,2.1
1903,Nier lams- rauw,91,0.0,17.0,2.6
1904,Groenten gekookt gem,30,3.6,1.7,0.4
1905,Groenten rauw gem,20,2.6,1.0,0.4
1906,Fruit vers incl citrus- gem,61,12.8,0.7,0.2
1907,Vleeswaren excl leverproducten gem,230,2.6,16.9,16.7
1908,Vleeswaren <10 g vet excl leverprod gem,133,2.5,18.4,5.3
1909,Worst excl leverproducten gem,352,2.5,16.3,30.7
1910,Vleeswaren 20-30 g vet excl leverprod gem,311,3.2,13.8,26.9
1911,Vleeswaren >30 g vet excl leverprod gem,395,2.0,17.6,35.1
1912,Saus Chinese zoetzure huishoudelijk bereid,32,6.9,0.4,0.3
1913,Saus sate- huishoudelijk bereid m water m vet,295,10.8,8.7,23.3
1914,Brooddeeg (bodem voor pizza/hartige taart) onbereid,231,37.6,5.6,5.9
1915,Soes ongevuld,223,13.8,6.0,15.9
1916,Room slag- geklopt m suiker,348,16.5,2.0,30.4
1917,Vlaaibodem Limburgse,297,41.3,7.3,10.9
1932,Sap sinaasappel- m vruchtvlees,42,8.7,0.7,0.0
1933,Sap tomatengroenten- Appelsientje Tomatientje,14,2.5,0.7,0.0
1934,Sap tomaten- Appelsientje Zontomaat,17,2.8,0.9,0.0
1935,Noten gemengd gezouten,656,11.0,18.3,58.3
1936,Kalkoenfilet rauw,110,0.0,24.8,1.2
1937,Chips tortilla naturel,480,61.8,6.8,22.0
1938,Saus sate- op basis pakje bereid,148,19.8,4.2,5.6
1939,Kaas blauwschimmel Gorgonzola,359,0.1,19.4,31.2
1943,Zoutjes Japanse mix m pinda's,421,75.6,10.9,8.0
1945,Broodje pudding-,214,38.0,5.2,4.3
1953,Plantaardig alternatief voor vruchten-/vanilleyoghurt obv soja m suiker verrijkt m calcium en vitamines,66,8.7,3.4,1.7
1955,Kaas Mozzarella gemaakt v koemelk,253,0.7,18.7,19.5
1956,Halvarineproduct Becel pro-activ,362,0.3,0.3,40.0
1957,Vla slagroom-,120,15.1,2.7,5.4
1958,Pap karnemelkse gorte-,53,8.1,3.6,0.5
1961,Halvarineproduct Blue Band Goede Start,347,1.1,0.3,38.0
1962,Hagelslag chocolade- melk,455,70.3,6.3,15.6
1963,Hagelslag chocolade- puur,446,67.4,5.8,15.3
1964,Pasta chocolade- melk,570,61.0,2.4,35.0
1965,Biscuit melk- Liga Milkbreak,444,62.0,9.2,17.0
1969,Cake m roomboter,401,42.9,5.8,22.7
1972,Koekje roomboter- gem,448,60.7,5.3,20.1
1973,Opvolgmelk Nutrilon 3 p 100 ml,66,8.4,1.3,2.9
1991,Ontbijtproduct Olvarit pap 8 granen 12+ mnd,378,72.6,11.5,2.2
1999,Ontbijtproduct Frosties Kellogg's,375,87.0,4.5,0.6
2002,Ontbijtproduct Coco pops Kellogg's,386,84.0,6.3,1.9
2004,Ontbijtproduct All-Bran Fruit 'n Fibre Kellogg's,380,69.0,8.0,6.0
2005,Ontbijtproduct Special K Original Kellogg's,392,84.0,8.0,1.3
2006,Ontbijtproduct Smacks Kellogg's,377,81.0,7.1,1.6
2007,Ontbijtproduct Honey pops Loops Kellogg's,396,76.0,9.3,4.4
2009,Taart vruchten- v zandgebak,248,31.3,3.1,11.8
2010,Taart vruchten- v cakedeeg,197,25.1,2.6,9.2
2012,Maaltijdvervanger Modifast Intensive Pudding,355,35.6,36.8,4.9
2013,Maaltijdvervanger milkshake Modifast Intensive,355,35.7,36.8,4.9
2024,Sportvoeding Isostar Actifood,204,49.8,0.6,0.0
2027,Sportvoeding Isostar Powertabs,320,79.9,0.0,0.0
2030,Gehakt fijn- vegetarisch obv mycoproteine onbereid,95,0.7,14.1,2.5
2031,Stukjes vegetarisch obv mycoproteine onbereid,86,1.5,12.6,2.1
2041,Sportdrank AA-Drink Isotone,23,5.7,0.0,0.0
2042,Sportdrank hypertone m koolhydraten,59,14.8,0.0,0.0
2047,Gehakt fijn- vegetarisch obv soja onbereid,148,5.8,20.0,3.0
2048,Pinda's dry roasted,577,11.0,24.0,47.0
2049,Rijst meergranen- rauw,351,74.0,9.0,1.5
2051,Ontbijtproduct Brinta Wake Up drinkontbijt,350,72.5,5.7,1.2
2054,Babyvoeding maaltijd 12 mnd,72,9.6,3.6,1.7
2056,Babyvoeding fruit 6 mnd,65,14.5,0.6,0.2
2057,Lamsvlees <10 g vet rauw gem,158,0.0,20.7,8.3
2058,Schapenvlees <10 g vet gem rauw,160,0.0,20.5,8.7
2059,Halvarine 40% vet <17 g verz vetz gezouten,356,0.5,0.1,39.2
2060,Halvarineproduct 35% vet <10g verz vetz ongezouten,320,1.2,0.0,35.0
2063,Margarine 80% vet >24 g verz vetz gezouten,719,0.3,0.1,79.7
2066,Bak- en braadvet vloeib 97% vet <17g verz vetz gezouten,878,0.9,0.5,96.9
2067,Bak- en braadvet vast 97% vet >17 g verz vetz gezouten,873,0.5,0.3,96.7
2068,Vet frituur- vloeibaar,900,0.0,0.0,100.0
2069,Vet frituur- vast,900,0.0,0.0,100.0
2072,Margarineproduct 60% vet <17 g verz vetz ongez,541,0.1,0.1,60.0
2077,Margarine vloeibaar 80% vet <17 g verz vetz gezouten,735,0.0,0.0,81.6
2079,Drinkontbijt Coolbest FruitOntbijt,53,11.6,0.8,0.2
2081,Ontbijtproduct Cornflakes,373,82.7,7.1,0.6
2083,Mayonaiseproduct m olijfolie,642,1.9,1.1,70.0
2086,IJsthee m suiker 5-<7 g KH,25,6.2,0.0,0.0
2087,IJsthee light,2,0.2,0.1,0.1
2088,IJsthee m suiker en zoetstof,18,4.1,0.1,0.1
2089,Struisvogelvlees rauw,121,0.4,22.9,3.1
2090,Kip drumstick m vel rauw,147,0.0,19.1,7.9
2106,Frites bereid m hard vet,256,28.0,3.1,13.9
2107,Frites bereid m vloeibaar vet,264,28.0,3.1,14.8
2108,Frites bereid gem,263,28.0,3.1,14.7
2109,Cassave gekookt,128,30.4,0.5,0.2
2110,Taro gekookt,102,22.4,1.2,0.2
2111,Yam gekookt,144,33.0,1.7,0.3
2112,Aardappel zoete gekookt,63,12.3,1.7,0.2
2113,Pompoen gekookt,14,1.8,0.6,0.3
2134,Limonade vruchten- Dubbelfrisss,22,5.5,0.0,0.0
2135,Limonade vruchten- Tintelfruit m suiker,22,5.4,0.0,0.0
2137,Limonade vruchten- Tintelfruit light,12,2.9,0.0,0.0
2141,Mineraalwater m zoetstof,0,0.0,0.0,0.0
2142,Wijn witte zoete,96,5.9,0.2,0.0
2144,Sap appel- verrijkt m vit C,45,11.1,0.2,0.0
2147,Zoutjes Japanse mix z pinda's,387,86.0,8.5,0.9
2157,Pasta volkoren gekookt,134,23.7,5.6,0.9
2158,Couscous gekookt,121,24.0,4.0,0.7
2159,Gierst gekookt,123,23.1,3.9,1.4
2162,Cafe noir,420,89.0,3.4,5.4
2163,Zoutje mais- Bugles,537,55.0,6.3,32.0
2173,Chips op basis v aardappelvlokken,522,51.8,4.2,32.5
2176,Pijnboompitten,675,9.8,16.5,61.9
2177,Basilicum vers,48,5.1,3.1,0.8
2178,Pesto groene,444,4.4,9.0,42.8
2190,Brownie m noten,447,50.9,5.1,24.3
2208,Zuigelingenvoeding Hero Baby Standaard 1 p 100 ml,67,7.2,1.4,3.5
2209,Opvolgmelk Hero Baby Standaard 2 p 100 ml,69,9.2,1.6,2.8
2210,Opvolgmelk Hero Baby Standaard 3 p 100 ml,70,8.8,1.8,3.0
2218,Sportdrank Extran Energy,43,10.8,0.0,0.0
2219,Sportdrank Extran Hydro,22,5.5,0.0,0.0
2221,Biscuit baby- en dreumes- Bolletje,428,70.5,8.5,12.0
2227,Biscuit fourre,473,73.2,5.5,17.1
2228,Koekje Scholiertje,493,62.5,6.3,23.5
2229,Cracker VitaLU,445,67.0,12.3,12.3
2231,Wafel rijst- m chocolade,502,60.3,6.8,24.9
2232,Biscuit fruit-,396,76.3,5.5,7.1
2233,Koek ontbijt- m rozijnen,315,71.5,2.7,1.2
2234,Graanreep Hero B'tween,444,62.0,6.9,17.7
2235,Graanreep z suiker,339,67.3,7.3,10.3
2237,Graanreep Special K Kellogg's,400,79.5,4.6,6.5
2238,Graanreep m melk Kellogg's,417,72.3,6.0,11.3
2239,Mueslireep,455,64.8,8.2,16.8
2240,Melk geiten- volle,64,4.3,3.3,3.7
2241,Yoghurtsnack Breaker,102,13.3,3.4,3.5
2244,Yoghurt room- m vruchten,141,13.7,2.9,7.8
2246,Kwark vruchten-/vanille- magere m zoetstof,47,4.1,7.2,0.1
2248,Kwark vruchten- Danoontje,96,9.9,6.4,3.0
2250,IJs Festini,100,24.0,0.2,0.2
2251,IJs room/vanille- m chocoladecoating,324,34.0,4.3,18.7
2252,IJs room/vanille- m fruitcoating,134,24.0,1.5,3.5
2254,Yoghurtdrank m zoetstof,24,3.4,2.7,0.0
2255,Yoghurtdrank m zoetstof Fristi,24,3.2,1.8,0.0
2257,Drinkontbijt Goede Morgen Vifit,55,7.9,3.4,0.8
2258,Yoghurtdrank Actimel naturel,70,10.8,3.0,1.6
2261,Drink soja- Groeidrink 1-3+ Alpro,60,8.0,2.4,2.0
2262,Plantaardig alternatief voor room obv soja,161,2.6,2.2,15.7
2264,Kaas 10+,187,0.2,32.2,6.4
2265,Melkdrank Yakult Balance,58,14.0,1.2,0.0
2266,Chocolade witte,552,58.1,6.4,32.6
2267,Vla magere m zoetstof,47,8.2,3.4,0.0
2268,Creme fraiche halfvolle,165,4.0,3.1,15.0
2271,Pasta glutenvrij rauw,358,73.7,9.0,2.5
2272,Taartbodem v biscuitdeeg,263,48.4,7.5,4.2
2275,Room kook-,212,5.0,2.4,20.2
2276,Room kook- light,101,5.8,3.2,7.2
2278,Yoghurt volle Activia m granen/muesli,104,12.6,3.6,3.6
2279,Room kook- Blue Band Finesse voor koken,160,4.0,2.0,15.0
2287,Siroop vruchtenlimonade- m suiker en zoetstof 40-45 g KH,170,42.5,0.0,0.0
2289,Siroop vruchtenlimonade- light,8,1.8,0.0,0.0
2290,Kokosmelk,173,2.5,1.4,17.4
2292,Snoepje suikervrij,240,89.3,1.1,2.1
2293,Tomaat in blik,24,3.7,1.1,0.4
2296,Koolvis (Atlantisch) rauw,82,0.0,18.0,1.1
2297,Tonijn rauw,101,0.0,23.7,0.7
2298,Tong rauw (vis),76,0.0,14.7,1.9
2299,Tilapia rauw,86,0.0,17.9,1.6
2300,Worst rook- magere gekookt,254,3.3,14.0,20.5
2301,Worst rook- runder gekookt,240,2.0,13.0,20.0
2302,Worst knak- magere blik/glas,136,6.0,12.0,7.0
2303,Worst gekookte magere,221,3.0,14.0,17.0
2304,Worst cervelaat- magere,241,0.1,23.0,16.5
2306,Worst boterham- magere,163,6.4,11.6,10.1
2308,Yoghurtdrank Becel pro-activ,45,4.5,3.0,1.5
2311,Breezer,74,9.9,0.0,0.0
2312,Roti v bloem (sada roti),307,48.8,6.9,8.6
2313,Rundvlees gezouten gekookt Surinaams,271,0.0,27.4,17.9
2314,Erwten split- gele gekookt,126,18.6,8.4,0.6
2315,Pomtajer bereid z vet,99,17.2,3.4,0.3
2316,Tajerblad bereid z vet,38,0.9,4.6,1.1
2317,Bruine bonen m rijst Surinaams,147,16.6,7.7,4.8
2318,Roti v bloem en aardappel,218,35.9,4.9,5.6
2319,Saus m gele spilterwten Dahl Surinaams,151,17.5,7.7,4.2
2320,Ovenschotel m pomtajer Pom Surinaams,119,6.8,8.4,5.9
2321,Groente-vlees schotel Moksi-alesi Surinaams,123,14.2,7.8,3.4
2322,Aardappelpuree instant- bereid m halfvolle melk,96,16.5,4.1,1.3
2323,Aardappelpuree instant- bereid m water,71,11.8,1.7,1.6
2324,Aardappelpuree vers bereid m halfvolle melk z vet,74,14.1,2.3,0.6
2325,Aardappelen m schil gekookt gem,74,15.4,1.4,0.3
2326,Aardappelkroketten diepvries onbereid,169,24.8,2.7,6.0
2329,Koek ontbijt- minder suiker,287,59.2,3.2,1.5
2331,Bamigroenten gekookt,19,2.0,1.2,0.2
2333,Gehakt rauw gem,222,0.2,19.3,15.9
2334,Gehaktbal half-om-half m ei en paneermeel rauw,237,5.2,18.3,15.7
2335,Vlees gem excl lever rauw,181,0.9,19.9,10.8
2336,Rundvlees gem rauw,201,1.3,19.1,13.2
2337,Gehaktbal runder- m ei en paneermeel rauw,230,5.1,18.0,15.0
2339,Vink runder- rauw,209,3.2,16.6,14.2
2340,Varkensschnitzel gepaneerd rauw,142,8.1,20.6,2.8
2341,Kipfilet gepaneerd rauw,131,5.6,21.5,2.3
2342,Kipfilet omhuld m beslag rauw,115,3.2,21.0,2.0
2343,Pudding gelatine-,59,13.0,1.8,0.0
2344,Varkens cordon bleu rauw,153,5.8,20.4,5.2
2345,Pinda's suiker-,536,47.1,15.1,31.0
2346,Sla gem rauw,16,1.0,1.6,0.3
2347,Tortellini gekookt,155,23.3,7.7,3.1
2348,Tarwebrood volkoren gem v fijn en grof m pompoenpitten,275,34.7,13.4,7.6
2349,Meergranenbrood gem v wit en bruin m zaden m extra lijnzaad,287,36.0,13.1,7.9
2350,Meergranenbrood gem v wit en bruin m zaden,261,39.1,12.3,4.8
2351,Tarwebrood wit gem v melk- en waterwit,250,48.1,9.1,1.7
2352,Tarwekrentenbrood wit m spijs ,303,51.7,8.2,6.1
2353,Tarwemueslibrood bruin/volkoren,295,42.5,10.6,7.6
2354,Tarwenotenbrood volkoren ,298,34.5,12.2,10.9
2355,Tarwesuikerbrood wit,306,60.5,7.9,3.0
2356,Tarwestokbrood wit m kaas en uien,243,35.9,10.0,6.0
2357,Tarwebrood volkoren gem v fijn en grof m zonnebloempitten,284,35.9,11.9,8.7
2358,Tarwebrood wit gem v melk- en waterwit m zonnebloempitten,297,43.9,10.2,8.3
2359,Wrap/tortilla obv tarwe naturel,298,50.8,8.5,5.5
2360,Wafel rijst- m karamel,394,87.0,5.5,2.4
2362,Frikandel diepvries onbereid,235,6.1,13.1,17.2
2363,Gehakt cordon bleu rauw,270,10.8,14.8,18.4
2364,Kipschnitzel gepaneerd rauw,156,5.6,19.1,6.1
2365,Kip cordon bleu rauw,150,4.4,22.0,4.8
2367,Pindakaas light,535,13.7,18.0,39.6
2369,Soepstengel,401,71.3,12.5,6.6
2370,Zoutje luchtig maisbasis,518,60.7,7.5,27.0
2371,Tiramisu,248,30.7,4.5,10.6
2372,Rozijnen omhuld m chocolade melk-,429,61.8,5.0,17.3
2373,After eight,419,74.6,2.1,12.2
2374,Chocolade melk- m rozijnen,501,55.9,6.2,27.4
2375,Chocolade puur m hazelnoten,565,36.2,9.0,41.0
2376,Chocolade melk- m gepofte rijst,531,55.2,7.1,30.7
2377,"Tomaat gedroogd in olie blik/glas, uitgelekt",197,9.4,4.4,14.0
2378,Tomaat zongedroogd,331,55.8,14.1,3.0
2379,Rozijnen gedroogd geweekt,258,59.5,2.5,0.4
2380,Toffee m chocolade,427,77.8,1.8,11.7
2381,Pate smeer- magere,187,10.0,9.7,12.0
2382,Tarwebrood bruin m zonnebloempitten,287,39.7,10.9,8.3
2383,Noga m chocolade,489,64.2,7.2,21.8
2384,Drop m pepermunt,375,90.4,2.8,0.1
2385,Salmiakkogel/-lolly,375,92.3,1.2,0.0
2386,Noga,469,72.1,6.5,16.7
2387,Popcorn zoete gepoft z olie,389,78.7,9.9,3.0
2389,Siroop vruchtenlimonade- Albert Heijn,164,41.0,0.1,0.0
2391,Cake marmer-,396,44.9,5.6,21.2
2392,Cake appel- z roomboter,260,30.5,3.5,13.5
2393,Cake rozijnen-,384,47.1,5.3,19.1
2394,Soes bananen-,245,16.1,3.5,18.4
2395,Soes slagroom- m chocolade,303,17.6,4.2,23.8
2396,Taart chocolade- m slagroom,337,32.9,4.8,20.4
2397,Koek ontbijt- m noten,337,66.2,4.0,5.4
2398,Koek ontbijt- m kandij,312,71.5,2.8,1.0
2399,Spekkoek m roomboter,422,25.1,5.3,33.3
2400,Croissant chocolade-,434,44.3,8.9,24.0
2401,Koek m gelei/appelvulling,398,65.5,3.3,13.3
2402,Kappertjes,43,4.9,2.4,0.9
2403,Koek Glace-,427,59.5,3.6,19.2
2405,Koekje chocolate chip cookie,501,60.6,6.3,25.3
2406,Koekje kinder- gem,450,70.6,7.6,14.8
2409,Sprits m chocolade,541,61.5,4.7,30.3
2410,Schuimzoenen,439,71.4,2.2,15.3
2412,Kletskop,492,59.2,5.7,25.4
2413,Mergpijpje gevuld m cake en creme,457,62.7,2.7,21.6
2416,IJs room- stracciatella,248,26.8,3.3,13.9
2417,Koek oranje-,375,66.3,4.7,9.7
2418,Saus warm vloeibaar kant-en-klaar <12% vet,91,6.4,1.3,6.6
2419,Saus kaas- op basis roux bereid,127,5.6,5.5,9.1
2420,Saus warm vloeibaar kant-en-klaar >12% vet,195,5.2,1.2,18.8
2422,Halvarineproduct Becel Omega-3 Plus,353,2.6,0.3,38.0
2424,Hagelslag chocolade- wit,455,78.4,5.5,13.2
2425,Wafel galette-,480,65.2,6.9,20.9
2427,Schuddebuikjes Bolletje,486,70.0,5.0,20.0
2428,Wafel melk-hazelnootchocolade Knoppers,548,52.0,8.8,33.3
2429,Cake m noten,449,36.0,8.1,29.8
2430,Beignet banaan-,282,20.6,2.9,20.5
2431,Taart slagroom- omhuld m marsepein,342,39.6,4.8,18.0
2432,Taart noten-,467,46.7,7.6,27.2
2433,Drink rijst- z suiker verrijkt m calcium en vitamines,53,11.3,0.3,0.7
2435,Frisdrank m suiker en zoetstof 2-<5 g KH z cafeine,12,2.9,0.0,0.0
2436,Limonade vruchten- m suiker en zoetstof 4-6 g KH,18,4.6,0.0,0.0
2437,Limonade vruchten- Capri-Sun Multivitamin,20,4.9,0.0,0.0
2441,Siroop vruchtenlimonade- bereid 1 op 7,28,7.0,0.0,0.0
2444,Thee kruiden- oplos gezoet bereid,19,4.7,0.0,0.0
2445,Saus boter-,180,3.1,0.6,18.3
2447,Saus v halfvolle melk en maizena,57,7.8,3.3,1.4
2449,Jus 25% vet ongebonden bereid m juspoeder,230,4.8,1.0,22.9
2450,Jus 50% vet ongebonden bereid m juspoeder,431,4.9,1.1,45.1
2451,Jus 25% vet gebonden bereid m juspoeder,233,7.0,1.0,22.3
2452,Jus 25% vet gebonden bereid z juspoeder,223,2.7,0.1,23.5
2453,Jus 50% vet gebonden bereid z juspoeder,436,2.9,0.3,47.1
2454,Jus 75% vet gebonden bereid z juspoeder,650,3.2,0.4,70.6
2455,Saus Aardappel Anders gem,171,3.9,1.5,16.6
2456,Jus 5% vet gebonden bereid z juspoeder,53,2.6,0.0,4.7
2457,Saus sate huishoudelijk bereid m hv melk z vet,297,12.8,10.2,22.0
2458,Saus sate huishoudelijk bereid m water z vet,280,11.1,8.9,21.4
2459,Jus 50% vet ongebonden bereid z juspoeder,439,0.4,0.3,48.5
2460,Jus 75% vet ongebonden bereid z juspoeder,658,0.6,0.4,72.7
2461,Jus 50% vet gebonden bereid m juspoeder,429,7.1,1.1,43.9
2462,Jus 5% vet ongebonden bereid z juspoeder,44,0.0,0.0,4.8
2466,Dressing vinaigrette-,596,0.4,0.5,65.1
2467,Saus frites- ca 13% olie,158,9.4,0.3,13.1
2468,Dressing honing/mosterd-,299,15.0,1.2,26.0
2470,Saus frites- 5% olie,100,9.8,0.8,5.3
2471,Mayonaiseproduct ca 35% olie,338,10.5,0.5,32.7
2472,Olie wok-,900,0.0,0.0,100.0
2473,Pasta kruiden-/boemboe,306,25.6,4.0,20.4
2476,Koffie cappuccino vers bereid,31,2.3,1.8,1.7
2477,Koffie cappuccino oplos- bereid,37,4.7,1.2,1.3
2478,Koffie cappuccino oplos- poeder,407,52.4,13.9,14.9
2480,Energydrink Golden Power/Bullit/Freeway,44,10.7,0.2,0.0
2483,Vruchtendrank ACE,44,10.9,0.2,0.0
2487,Soep op groente- en vleesbasis kant-en-klaar blik/zak/pak,41,5.3,2.0,1.2
2488,Soep op groente- en vleesbasis bereid pakje,18,2.7,0.6,0.5
2489,Pasta speculoos-,579,56.6,3.2,37.5
2490,Vruchtendrank multivit 12vr nectar light,23,5.4,0.2,0.0
2491,Vruchtendrank m zoetstof 5-<8 g KH,28,6.9,0.1,0.0
2493,Aardappelpureepoeder z melkpoeder z vet,364,78.4,7.9,0.5
2495,Melk chocolade- m halfvolle melk en gezoete cacaopoeder,78,12.2,3.5,1.6
2496,Zuiveldrank Fruitmelk Campina,54,9.2,3.3,0.5
2498,Tomaat gezeefd pak,39,6.3,1.8,0.3
2499,Aardappelpureepoeder m melkpoeder m vet,373,62.0,9.2,8.6
2501,Yoghurt vruchten- halfvolle ,79,11.6,4.2,1.5
2503,Yoghurt Griekse volle,122,3.8,3.8,10.0
2504,Kwark vruchten- volle,125,13.3,5.7,5.1
2505,Fruit gedroogd op brandewijn,201,27.2,0.6,0.1
2507,Sap multivruchten-,47,10.7,0.4,0.1
2513,Cider,55,6.4,0.1,0.0
2514,Diksap bereid 1 op 13,17,4.2,0.0,0.0
2515,Vruchtendrank multivit nectar light Surango,21,5.0,0.2,0.0
2516,Kaas smeer- 15+ Balans ERU,132,3.3,17.3,5.5
2517,Kaas smeer- Kids ERU,169,2.3,15.0,11.1
2518,Kaas geiten- hard,396,0.1,22.4,32.5
2519,Vla halfvolle alle smaken,85,15.1,2.3,1.7
2520,Pudding luchtige,179,22.0,4.2,8.1
2521,Pap lammetjes- bereid m volle melk,84,9.8,3.9,3.2
2522,Vlaflip dubbel- Campina,96,15.0,2.9,2.6
2524,Peper Spaanse rauw,30,4.2,1.8,0.3
2525,Vet frituur- horeca,900,0.0,0.0,100.0
2527,Biscuit hartig Sultana Crunchers,413,70.5,8.5,10.3
2528,Croutons,491,58.6,11.8,22.3
2529,Chips oven-,411,72.8,6.4,9.3
2530,Maltesers,500,61.5,8.3,24.3
2531,Vlokken chocolade- gem,452,71.6,5.5,14.9
2532,Drop suikervrij,167,61.0,1.0,0.2
2533,Winegum m drop,334,79.6,3.5,0.2
2535,Cacaopoeder gezoet Nesquik,376,79.0,5.0,3.0
2537,Vlaflip v vla en yoghurt,77,12.3,3.4,1.5
2538,Pudding huishoudelijk bereid m hv melk,92,17.0,2.9,1.4
2539,Vla zacht & luchtig ,142,16.0,2.9,7.4
2540,Soep noodle- bereid,86,11.7,1.7,3.4
2541,Worst boterham- vegetarisch verrijkt m ijzer en vit B12,181,4.6,6.6,14.7
2547,Bamibal/bamischijf diepvries onbereid,165,29.0,5.8,2.8
2548,Kroket vlees- diepvries onbereid,187,18.9,7.6,8.7
2549,Loempia diepvries onbereid,152,21.2,6.1,4.5
2551,Croissant ham-kaas-,378,35.7,11.2,20.6
2552,Kipkorn diepvries onbereid,293,16.5,11.6,19.7
2553,Broodje kaas- v bladerdeeg,481,39.8,10.0,30.9
2555,Viandel onbereid Mora,300,17.0,9.5,21.2
2556,Biscuit meergranen- LU Time Out,484,64.3,7.6,20.8
2557,Margarine 80% vet >24 g verz vetz ongezouten,724,0.3,0.2,80.2
2558,Margarine vlb 80% vet <17 g verz vetz ongezouten,738,0.1,0.0,82.0
2559,Halvarineproduct Bewust light 30% vet <10g verz vetz ongezouten,275,1.1,0.1,30.0
2560,Appelflap m bladerdeeg z roomboter,305,38.0,4.0,14.8
2561,Soep gebonden z vulling,41,2.7,0.6,3.0
2562,Bak- en braadvet vlb 97% vet <17g verz vetz ongezouten,883,0.5,0.4,97.7
2563,Bak- en braadvet vast 97% vet >17 g verz vetz ongezouten,880,0.7,0.4,97.3
2565,Margarine 80% vet <24 g verz vetz ongezouten,720,0.0,0.0,80.0
2566,Halvarine 40% vet <17g verz vetz ongezouten,360,0.0,0.0,40.0
2567,Halvarineproduct Albert Heijn smeerbaar cholesterol verlagend,317,0.2,0.0,35.0
2568,Vlaai kruimel- m pudding,286,43.0,5.2,10.0
2569,Koek ontbijt- m noten en vruchten,343,63.7,4.5,6.9
2570,Vlaai pudding- m vruchten,146,24.7,2.9,3.6
2571,Cake bitterkoekjes-,398,45.3,5.8,21.3
2573,Saus knoflook- 20-<30% olie,246,13.4,0.8,21.0
2575,Aardappelpuree vers bereid m volle melk en margarine,87,13.9,2.2,2.3
2577,Cake appel- m roomboter,263,30.6,3.6,13.7
2580,Jus 5% vet gebonden bereid m juspoeder,76,6.8,0.9,5.0
2581,Pannenkoek volkoren huishoudelijk bereid m vloeibare margarine,181,22.4,6.6,6.6
2582,Pannenkoek volkoren huishoudelijk bereid m margarine,180,22.4,6.6,6.5
2583,Koek pinda-,513,51.9,10.6,28.4
2588,Jus 25% vet ongebonden bereid z juspoeder,219,0.2,0.1,24.2
2595,Candybar KitKat,520,59.0,7.1,27.7
2605,Dressing olijfolie-azijn,607,0.5,0.4,66.4
2606,Mix voor marinade poeder onbereid,285,50.5,8.4,4.3
2607,Koekje m noten en chocolade,517,55.5,7.5,28.7
2609,Koekje m noten,509,64.9,6.6,24.1
2610,Wijn rose,71,2.5,0.1,0.0
2611,Saus Joppie-,346,22.8,0.8,28.0
2612,Tapenade v olijven,326,5.2,1.8,32.4
2613,Mix seasoning Mexicaans onbereid,318,48.8,12.0,5.7
2614,Salsa tomatendipsaus,45,9.3,0.9,0.2
2615,Azijn,22,0.6,0.4,0.0
2617,Broodje bapao vlees,252,38.1,8.9,6.7
2619,Berenklauw rauw,154,5.4,11.3,9.4
2622,Taart appel- v zandtaartdeeg m roomboter,225,31.9,2.4,9.1
2633,Koffie oplos- poeder,114,3.1,7.8,0.2
2634,Vruchtendrank 2 of meer vruchten verrijkt m vit C,48,11.4,0.2,0.1
2639,Smoothie vruchten,56,12.3,0.7,0.2
2640,Smoothie vruchten m zuivel,51,10.3,1.3,0.1
2641,Frisdrank m suiker en zoetstof 2-<5 g KH m cafeine,11,2.6,0.0,0.0
2646,Sportdrank Aquarius,29,7.1,0.0,0.0
2647,Koffie automaat- m suiker en melk,28,5.3,0.2,0.7
2648,Koffie automaat- m melk,12,1.3,0.2,0.7
2649,Thee kruiden- oplos gezoet poeder,372,92.9,0.0,0.0
2650,Jus z vet bereid m juspoeder,28,4.6,0.9,0.7
2651,Saus cocktail/party/tafel- >25% olie,374,15.9,1.2,33.9
2653,Wafel rijst- gekruid,402,74.4,7.9,7.7
2654,Kipfilet (vleeswaar),125,3.4,17.5,4.4
2655,Yoghurt 0% vet Activia m vruchten,53,7.5,4.6,0.1
2656,Hagelslag chocolade- mix wit en puur,449,73.9,3.2,14.7
2657,Pasta duo- m chocolade,576,59.5,1.8,36.5
2658,Pasta duo- z chocolade,567,62.5,0.8,34.9
2659,Snoep schuim-/gum-,336,78.5,4.9,0.2
2660,Winegum m schuimlaag,333,78.5,4.8,0.0
2661,Wafel Luikse-,446,57.1,5.7,21.3
2662,Wafel zachte/suiker-/flash-,493,53.8,7.6,27.3
2665,Frisdrank m suiker en zoetstof 5-<8 g KH m cafeine,27,6.5,0.3,0.0
2667,Dressing sla- 20% olie m yoghurt,258,12.3,1.2,22.7
2671,Mix voor nasi/bami onbereid,300,45.8,11.0,5.8
2672,Energydrink Red Bull,44,11.0,0.0,0.0
2673,Energydrink Red Bull sugarfree,0,0.0,0.0,0.0
2675,Muesli krokante m noten,454,60.1,10.2,17.5
2676,Muesli krokante m chocolade,445,60.4,10.2,16.1
2677,Muesli krokante m noten en chocolade,436,63.0,10.7,13.9
2678,Zuivelspread naturel/kruiden,248,3.1,5.1,23.9
2679,Zuivelspread naturel/kruiden light,175,4.2,8.1,13.8
2681,Mix kruiden- Wereldgerechten onbereid,312,50.4,11.8,5.1
2682,Rijst meergranen- gekookt,140,29.6,3.6,0.6
2683,Ontbijtproduct Coco pops Chocos Kellogg's,380,77.0,10.0,2.2
2684,Ontbijtproduct Special K chocolade Kellogg's,417,81.0,8.0,5.6
2685,Abrikozen gedroogd geweekt,159,33.0,2.8,0.0
2686,Appelmoes z suiker m zoetstof blik/glas,48,11.0,0.2,0.0
2687,Kruidnoten m chocolade puur,482,63.4,6.1,21.7
2688,Kruidnoten m chocolade melk-,490,65.8,6.4,21.8
2691,Kauwbonbon fruitsmaak,395,82.9,1.0,6.6
2696,Koekje bitter-,411,68.7,7.0,11.5
2698,Cake chocolade- z roomboter,396,46.5,5.6,20.3
2699,Frou frou,534,60.4,4.3,30.5
2700,Biscuit Sultana Yofruit,412,74.1,5.1,10.1
2701,Kruidnoten m chocolade witte,491,68.5,6.1,21.2
2703,Tarwebrood volkoren gem v fijn en grof m zaden,274,35.5,12.5,7.4
2704,Tarwebrood bruin m zaden,278,39.2,11.4,7.0
2705,Ontbijtproduct All-Bran flakes Kellogg's,358,65.0,11.0,2.2
2706,Chips/kroepoek cassave,474,67.5,1.4,21.4
2707,Tarwemaisbrood wit m zonnebloempitten,307,41.2,11.6,9.6
2708,Sla rode rauw,18,2.3,1.3,0.2
2710,Kool rode m appeltjes blik/glas,58,11.9,0.8,0.3
2711,Margarineproduct Albert Heijn Balans,405,0.0,0.0,45.0
2712,Margarineproduct vloeibaar <60% vet <17 g verz vetz ongezouten,507,0.3,0.3,56.0
2713,Margarineproduct vloeibaar <60% vet <17 g verz vetz gezouten,507,0.3,0.3,56.0
2714,Biscuit meergranen- Liga Evergreen crunchy,395,59.7,6.6,12.3
2715,Meringue,382,95.0,0.5,0.0
2721,Donut m glazuur,358,40.8,5.4,19.0
2722,Wafel Luikse m chocolade,457,55.8,5.8,22.9
2724,IJsthee m suiker 4-<5 g KH,18,4.5,0.0,0.0
2726,Wortel bospeen rauw,31,5.0,0.9,0.3
2727,Wortel bospeen gekookt,30,4.8,0.8,0.2
2728,Wortel winterpeen rauw,34,5.7,0.6,0.3
2729,Wortel winterpeen gekookt,34,5.6,0.6,0.3
2730,Tomaat tros- rauw,22,3.0,0.7,0.5
2731,Tomaat kers- rauw,30,3.9,0.9,0.8
2732,Tomaat vlees- rauw,19,2.3,0.6,0.5
2733,Tomaat vlees- gekookt,22,2.9,0.7,0.5
2734,Tomaat rauw gem,25,3.4,0.8,0.6
2735,Tomaat gekookt gem,23,2.9,0.7,0.7
2736,Sla rucola rauw,22,0.0,3.6,0.4
2737,Ui sla- rauw,31,4.2,1.5,0.4
2738,Ui sla- gekookt,26,3.5,1.2,0.3
2739,Komkommer m schil rauw,13,1.3,0.7,0.4
2740,Paprika gele rauw,25,3.9,0.7,0.2
2741,Paprika gele gekookt,27,4.6,0.8,0.1
2742,Paprika rauw gem,25,4.2,0.8,0.1
2743,Paprika gekookt gem,27,4.8,0.9,0.1
2744,Aardappelen Nicola z schil gekookt,80,16.6,1.7,0.4
2745,Aardappelen Eigenheimer z schil gekookt,75,15.7,1.8,0.2
2746,Aardappelen Red Baron z schil gekookt,91,19.1,1.8,0.5
2747,Aardappelen kruimig z schil gekookt gem,81,17.0,2.0,0.2
2748,Peer m schil,55,11.7,0.2,0.3
2749,Druiven blauwe m schil,75,16.8,0.6,0.1
2750,Druiven witte m schil,76,16.9,0.5,0.4
2751,Appel Elstar m schil,55,12.0,0.3,0.2
2752,Appel Elstar z schil,55,12.4,0.2,0.2
2753,Appel Jonagold m schil,55,12.1,0.2,0.2
2754,Appel Jonagold z schil,52,11.6,0.2,0.1
2755,Sap sinaasappel- vers geperst,44,9.1,0.6,0.1
2756,Kaas Goudse 48+ jong,364,0.0,22.8,29.6
2757,Kaas Goudse 48+ jong belegen,370,0.0,22.7,29.9
2758,Kaas Goudse 48+ belegen,377,0.0,22.5,30.8
2759,Kaas Goudse 48+ oud,414,0.1,24.6,33.7
2760,Melk chocolade- automaat,66,10.8,3.0,1.0
2761,Koek gevulde m roomboter,415,58.7,7.1,16.5
2762,Koek gevulde z roomboter,406,61.7,5.2,14.9
2763,Speculaas m roomboter,484,65.2,5.5,21.7
2764,Speculaas z roomboter,467,65.1,5.0,20.1
2765,Pangasius bereid in magnetron z toev,89,0.0,18.6,1.6
2766,Worst rook- varkens gekookt,340,2.8,14.3,30.1
2767,Worst rook- varkens ambachtelijke slagerij gekookt,311,1.0,15.2,27.1
2768,Worst ossen-,166,1.1,18.6,9.4
2769,Ei kippen- scharrel rauw,132,0.2,12.3,9.1
2770,Ei kippen- scharrel gekookt,125,0.0,12.2,8.5
2771,Ei kippen- biologisch rauw,135,0.2,12.3,9.5
2772,Ei kippen- biologisch gekookt,136,0.0,12.7,9.5
2773,Ei kippen- mais rauw,129,0.2,12.2,8.8
2774,Ei kippen- mais gekookt,148,0.0,13.0,10.7
2775,Biscuit tarwe-/digestive- m chocolade,488,63.8,6.5,22.2
2776,Vlaai appelkruimel-,304,45.6,3.9,11.4
2777,Vlaai wener bodem m bakkersroom,295,33.0,4.1,16.0
2778,Vlaai zachte bodem m bakkersroom,253,30.8,3.5,12.5
2779,Pasta witte z ei gekookt,146,28.7,5.2,0.8
2780,Pasta witte m ei gekookt,124,23.4,4.7,0.8
2781,Pasta witte vers gekookt,129,23.9,4.9,1.3
2782,Tarwebrood volkoren grof,236,38.9,11.3,2.4
2783,Meergranenbrood wit m zaden,267,40.4,12.5,5.0
2784,Meergranenbrood bruin m zaden ,255,37.8,12.2,4.5
2785,Tarwemaisbrood wit ,261,44.9,10.8,3.2
2786,Tarwebrood gem v bruin en volkoren m pompoenpitten,254,33.3,13.9,5.5
2787,Tarwebrood gem v bruin en volkoren m zonnebloempitten,272,36.0,12.5,6.7
2788,Tarwedesembrood volkoren,235,40.5,9.3,2.6
2789,Tarwe ciabatta wit ongevuld,255,48.9,9.1,1.8
2790,Tarwebrood wit pita,245,50.1,8.6,0.7
2791,Stol m spijs z noten,276,53.8,7.7,2.4
2792,Stol m spijs m noten,288,51.9,7.8,4.3
2793,Tarwestokbrood wit,270,53.6,9.7,1.2
2794,Tarwestokbrood bruin,258,49.8,9.8,1.4
2795,Tarwebroodje wit hard,279,54.9,9.9,1.5
2796,Tarwebroodje bruin hard,278,52.8,11.0,1.5
2797,Tarwebroodje bruin zacht,258,42.3,11.0,3.8
2798,Tarwebroodje volkoren zacht,247,39.5,11.3,3.2
2799,Meergranenbroodje bruin hard,294,43.8,12.9,5.9
2800,Meergranenbroodje bruin zacht,283,38.7,13.4,6.8
2801,Croissant roomboter-,414,42.2,9.5,22.5
2802,Croissant z roomboter,392,42.3,9.8,19.9
2803,Tarwekrentenbol wit ,268,51.1,8.4,2.5
2804,Tarwemueslibol bruin/volkoren,290,43.9,10.7,6.6
2805,Maanzaad,455,2.4,19.2,35.6
2806,Pompoenpitten,574,2.7,30.3,47.2
2807,Spijs gem,434,44.8,9.9,22.0
2809,Muesli m fruit/naturel,341,56.6,10.7,5.3
2810,Wafel stroop- z roomboter,483,71.5,3.6,19.9
2811,Tarwebrood volkoren fijn,233,39.2,10.9,2.2
2812,Tarwekrenten/rozijnenbrood wit gem m spijs  ,303,51.3,8.2,6.2
2813,Tarwekrenten/rozijnenbrood wit gem ,272,52.8,7.8,2.6
2814,Tarwerozijnenbrood wit m spijs,303,50.8,8.1,6.4
2815,Tarwebrood bruin tijger-,243,44.2,9.9,1.9
2816,Tarwebrood wit tijger- ,252,48.7,9.0,1.7
2817,Stol m spijs gem m en z noten,282,52.8,7.7,3.4
2818,Croissant gem,403,42.2,9.6,21.2
2819,Zout z toegevoegd jodium,0,0.0,0.0,0.0
2820,Wafel stroop- m roomboter,462,69.0,3.9,18.6
2821,Tarwebrood bruin m pompoenpitten,278,38.4,12.3,7.2
2822,Yoghurt vruchten-/vanille- magere m zoetstof,35,4.8,3.4,0.0
2823,Yoghurt stracciatella- volle,128,15.4,3.3,5.6
2826,Kipschnitzel sate gepaneerd rauw,206,16.5,14.8,8.5
2827,Varkensschnitzel sate gepaneerd rauw,231,16.7,13.3,11.8
2828,Likeur m room 15-25 vol% alc,294,22.7,2.7,11.8
2829,Chocoladereep gevuld Kinder,567,52.1,8.9,35.7
2830,Croissant kaas-,401,39.0,10.6,21.9
2831,Siroop vruchtenlimonade- m suiker en zoetstof 10-15 g KH,47,11.7,0.0,0.0
2832,Cake chocolade- m roomboter,400,46.7,5.8,20.6
2834,Aardappelbolletjes/-wafeltjes ed diepvries onbereid,175,24.3,2.6,6.9
2835,IJskoffie,72,10.2,2.7,2.3
2836,Worst grill- m kaas,331,2.7,14.3,29.3
2837,Bier m vruchtensmaak,52,6.0,0.3,0.0
2840,Kool rode m appeltjes huishoudelijk bereid,52,8.3,0.9,1.1
2843,Ananas op eigen sap blik/glas,59,13.9,0.4,0.1
2844,Noten macadamia- ongezouten,753,5.4,7.8,76.1
2846,Vruchtendrank m zuivel Taksi m zoetstof,10,2.3,0.1,0.0
2851,Sap vruchten- mild multifruit m vit C,49,11.7,0.4,0.1
2858,Drink soja- light verrijkt m calcium en vitamines Alpro,29,1.8,2.1,1.2
2859,Pannenkoek kaas- huishoudelijk bereid,239,23.3,11.3,10.8
2862,Pannenkoek appel-rozijnen- huishoudelijk bereid,200,30.2,7.3,5.0
2863,Taart appel-noten,346,39.3,5.5,18.1
2864,Koek stroop- m chocolade,497,63.7,4.0,24.9
2868,Pannenkoek huishoudelijk bereid m vloeibare margarine,176,24.2,5.7,5.9
2869,Beignet appel-,265,17.0,2.5,20.4
2870,Candybar Lion,493,65.5,5.5,22.9
2873,Dessertsaus karamel-,302,63.9,2.7,3.9
2875,Fruitsnack Knijpfruit/Slurpfruit,63,14.2,0.4,0.2
2876,Brioche,338,50.0,8.5,11.0
2877,Ontbijtproduct Weetabix original,362,69.0,12.0,2.0
2880,Koffie wiener melange oplos poeder,427,65.9,9.4,13.6
2881,Koffie wiener melange oplos bereid,46,7.1,1.0,1.5
2883,Runderrookvlees licht gezouten,116,0.7,22.8,2.5
2884,Suiker riet-,400,99.5,0.5,0.0
2885,Cranberrycompote gezoet,172,41.9,0.4,0.1
2886,Noten cashew- gezouten,615,20.8,21.2,48.9
2887,Noten amandelen z vliesje gezouten,631,7.1,21.7,55.8
2888,Plantaardig alternatief voor yoghurt obv soja m suiker verrijkt m calcium en vitamines,47,3.6,3.7,1.9
2890,Cranberry gedroogd gezoet,335,77.6,0.5,1.4
2891,Koek jode-,505,65.2,4.5,24.9
2892,Wafel penny-,562,47.0,5.8,38.5
2893,Cake Indische,313,60.8,4.3,5.7
2894,Biscuit digestive-,492,65.4,6.7,21.8
2895,Halvarineproduct AH omega-3,345,0.8,0.0,38.0
2897,Limonade vruchten- Ocean Spray Cranberry classic,37,9.3,0.0,0.0
2898,Paardenrookvlees,103,0.9,21.7,1.4
2899,Balkenbrij,165,14.9,6.4,8.5
2900,Mais blik/glas,91,14.8,2.9,1.5
2901,Runderbraadworst gebakken,228,0.3,23.8,14.6
2902,Runderborstlappen bereid,217,0.0,36.8,7.7
2903,Vink runder- gebakken,223,0.5,22.4,14.5
2904,Runder T-bone steak bereid,254,0.0,33.6,13.3
2905,Runder ribeye steak bereid,214,0.0,29.6,10.6
2906,Shoarmavlees varkens- bereid,239,0.6,28.2,13.8
2907,Spek rook- mager bereid,379,0.0,23.1,31.9
2908,Spareribs varkens- bereid,249,0.1,29.5,14.5
2909,Varkenspoulet bereid,280,0.0,37.4,14.5
2910,Kalfsvleesreepjes gebakken,185,0.0,27.1,8.5
2911,Kalfssukadelappen bereid,158,0.0,27.0,5.5
2912,Kalfsbraadworst gebakken,237,0.4,22.9,16.0
2913,Kalfsriblappen bereid,197,0.0,27.0,9.9
2914,Kalfslappen mager bereid,142,0.0,28.4,3.1
2915,Kalfsoester bereid,143,0.0,28.8,3.1
2916,Cracker VitaLU verrijkt m calcium,419,67.5,12.0,9.2
2921,Yoghurtdrank 7-9g KH,39,7.8,1.8,0.0
2922,Aardappelen vastkokend z schil gekookt gem,86,17.9,1.8,0.5
2923,Chips naturel,541,51.3,6.4,33.5
2924,Chips paprika ea smaken,536,53.1,6.3,32.3
2925,Kaas Mascarpone,455,0.3,7.6,47.0
2926,Chips light paprika ea smaken,481,63.5,7.2,21.0
2927,Fritessticks naturel,515,61.0,6.5,26.6
2928,Fritessticks paprika,529,60.0,6.5,28.5
2929,Chips Lays Sensations diverse smaken,511,58.0,6.8,27.1
2930,Pasta chocolade- wit,592,53.0,4.6,40.0
2932,Soep 1-kops bereid,40,5.4,1.0,1.6
2933,Koek eier- volkoren/meergranen,305,59.3,8.0,3.2
2934,Halvarineproduct Becel pro-activ calorie light,216,2.0,0.3,23.0
2935,Yoghurt volle Activia naturel,68,4.7,3.9,3.5
2936,Yoghurtdrank Activia,64,10.8,3.0,0.9
2937,Toast Melba naturel,398,79.3,12.7,2.4
2938,Toast Melba overige soorten,403,64.9,15.4,7.2
2939,Plantaardig alternatief voor roomijs/yoghurtijs obv kokos,195,21.8,1.4,11.2
2942,Pizza m kaas en groenten diepvries onbereid,232,25.9,9.3,9.7
2943,Pizza m vlees diepvries onbereid,228,26.5,9.2,9.0
2944,Pizza m vis diepvries onbereid,225,25.3,9.6,9.0
2945,Pizza salami diepvries onbereid,259,27.4,9.9,11.8
2946,Pizza hawaii diepvries onbereid,221,27.4,8.5,8.2
2947,Rolmops,182,0.5,16.0,12.8
2948,Salade ei- maaltijd,193,11.7,4.3,14.1
2949,Salade zalm- maaltijd,199,15.9,3.1,13.2
2950,Salade vlees- maaltijd,168,14.2,3.8,10.2
2952,Kruidnoten m chocolade gem,488,65.9,6.2,21.6
2953,Zout zee-,0,0.0,0.0,0.0
2954,Appeltjes gedroogd geweekt,85,18.9,0.6,0.1
2955,Peren gedroogd geweekt,83,18.9,0.6,0.0
2956,Pruimen gedroogd geweekt,57,13.9,0.5,0.1
2957,Tuttifrutti gedroogd geweekt,96,21.2,1.0,0.1
2983,Dreumesmelk Nutrilon 4 p 100 ml,65,8.5,1.5,2.6
2984,Peutermelk Nutrilon 5 p 100 ml,50,6.5,1.3,1.9
2995,Kaas smeer- 45+,231,1.0,14.3,18.9
2996,Worst Chorizo,358,3.4,20.7,29.1
2997,Worst grill-,310,3.1,13.2,27.2
3001,Kalkoenfilet (vleeswaar),113,3.2,19.8,2.4
3002,Spek katen-,309,1.2,14.0,27.6
3003,Worst knak- runder blik/glas,180,7.0,13.0,11.0
3007,Tarwebrood bruin koolhydraatverlaagd,241,21.0,17.2,8.9
3009,Shandy,42,9.7,0.0,0.0
3016,Kalfsschnitzel ongepaneerd rauw,104,0.0,22.4,1.6
3017,Gehakt kalfs- rauw,214,0.3,19.0,15.1
3018,Kalfsoester rauw,108,0.0,22.9,1.9
3019,Kalfslappen mager rauw,104,0.0,21.8,1.9
3020,Kalfsriblappen rauw,167,0.0,20.6,9.4
3021,Kalfsbraadworst rauw,217,0.5,17.2,16.1
3022,Kalfssukadelappen rauw,117,0.0,17.7,5.1
3023,Kalfsvleesreepjes rauw,98,0.0,22.0,1.1
3024,Varkenspoulet rauw,123,0.0,21.5,4.1
3025,Spek rook- mager rauw,325,0.0,15.3,29.4
3026,Speklap bereid in eigen vet,435,0.0,29.1,35.4
3027,Shoarmavlees varkens- rauw,146,0.6,19.9,7.0
3028,Runderborstlappen rauw,152,0.0,22.3,7.0
3029,Gehakt kalfs- rul gebakken,286,0.2,27.1,19.6
3030,Runderbraadworst rauw,207,1.0,18.1,14.6
3031,Spareribs varkens- rauw,200,0.1,20.4,13.0
3032,Runder ribeye steak rauw,170,0.0,21.2,9.4
3033,Runder T-bone steak rauw,189,0.0,22.0,11.2
3034,Gehakt mager runder- rauw,182,0.3,20.0,11.1
3035,Gehakt mager runder- rul gebakken,293,0.4,29.6,19.1
3036,Jus 75% vet gebonden bereid m juspoeder,625,7.3,1.2,65.6
3037,Jus 75% vet ongebonden bereid m juspoeder,632,5.1,1.2,67.4
3038,Jus 5% vet ongebonden bereid m juspoeder,69,4.6,0.9,5.1
3039,Kalfsschnitzel ongepaneerd bereid,144,0.0,29.4,2.9
3040,Schnitzel vegetarisch obv melk gevuld m kaas onbereid verrijkt m ijzer,218,16.6,14.8,9.6
3041,Schnitzel vegetarisch obv melk gevuld diverse smaken onbereid verrijkt m ijzer,206,19.8,11.4,8.3
3042,Pizza Turkse z toevoegingen,204,33.7,7.6,3.7
3043,Yoghurt Turkse 4% vet,69,3.3,3.9,4.2
3044,Kaas Turkse 60+ obv koemelk blik,287,0.4,12.7,26.0
3045,Kaas schapen-/geiten- Turkse 50+ blik,297,0.1,15.5,26.1
3046,Tarwebrood bruin Turks,248,44.2,10.6,1.7
3047,Yoghurt Turkse 10% vet,119,3.1,3.5,10.1
3048,Paprika oranje rauw,28,4.7,0.8,0.3
3049,Bonen witte blik/glas,105,14.0,6.9,0.8
3050,Pap havermout- bereid m halfvolle melk ongezoet,79,10.5,4.4,2.0
3051,Olie lijnzaad-,900,0.0,0.0,100.0
3052,Boterproduct melange ongezouten,676,0.9,0.7,74.3
3056,Tarwebrood bruin natriumarm,239,43.3,9.9,1.8
3058,Zemelen haver-,375,52.2,16.2,7.4
3060,Appelflap m bladerdeeg m roomboter,311,43.0,2.6,13.7
3063,Siroop ahorn-,269,67.2,0.0,0.1
3064,Stroop appel- verrijkt m ijzer,287,67.6,1.6,0.0
3066,Room spuitbus minder vet m suiker,222,11.3,2.6,18.5
3067,Snoepje room- hard,414,83.9,0.5,8.6
3069,Groente soep- gekookt,31,4.6,1.1,0.3
3070,Tonijn bereid z vet,122,0.0,29.2,0.6
3071,Tilapia bereid z vet,128,0.0,26.2,2.7
3072,Gefrituurde peulvruchtensnack Bara Surinaams,284,39.8,7.3,9.6
3073,Bonen mung- gekookt,102,13.3,7.6,0.4
3074,Yoghurt volle Activia m vruchten/vanille,94,12.2,3.8,3.0
3075,Kaassouffle bereid m vlb frituurvet,359,29.8,7.3,23.1
3076,"Bladerdeeg m roomboter, bereid",511,57.0,5.1,28.7
3080,Knackebrod glutenvrij Fette Croccanti Schar,368,79.1,7.4,1.9
3084,Vleeswaren 10-20 g vet excl leverprod gem,200,3.3,15.3,14.0
3085,Amsoi gekookt,21,1.8,2.0,0.2
3086,Paksoi gekookt,17,1.7,1.6,0.2
3115,Peutermelk Hero Baby 4 p 100 ml,64,8.2,1.5,2.7
3117,Peutermelk Hero Baby 5 p 100 ml,64,8.2,1.5,2.7
3127,Pastinaak rauw,71,11.0,1.8,1.1
3128,Pastinaak gekookt,68,11.4,1.6,1.2
3129,Dreumesmelk Nestle groeimelk 1+ p 100 ml,70,8.5,1.9,3.1
3130,Dreumesmelk Nestle groeimelk 2+ p 100 ml,71,9.9,2.1,2.5
3134,Sopropo gekookt,18,2.3,0.8,0.2
3135,Okra gekookt,22,2.0,1.9,0.2
3137,Bakkeljauw (gedroogde gezouten kabeljauw) geweekt gekookt,138,0.0,32.5,0.9
3138,Saus ketjap-,253,61.0,1.6,0.1
3139,Gehakt kippen- rauw,147,0.0,21.5,6.8
3152,Margarineproduct 60% vet >17g verz vetz gezouten,532,0.2,0.2,59.0
3153,Quinoa rauw,354,57.2,14.1,6.1
3154,Quinoa gekookt,114,18.5,4.4,1.9
3155,Kaas 30+ jong,280,0.0,30.1,17.7
3156,Zuigelingenvoeding Kruidvat Standaard 1 p 100 ml,67,7.6,1.3,3.3
3157,Opvolgmelk Kruidvat Standaard 2 p 100 ml,69,8.9,1.4,3.0
3158,Opvolgmelk Kruidvat Standaard 3 p 100 ml,71,9.0,1.5,3.1
3163,Kaas 30+ jong belegen,278,0.0,29.3,17.9
3164,Kaas 30+ belegen,306,0.0,31.9,19.8
3165,Kaas 30+ oud,307,0.0,31.7,20.0
3166,Kaasproduct m plantaardige vetten Kees jong belegen,387,0.0,29.0,30.1
3167,Kaasproduct m plantaardige vetten Kees oud,403,0.0,31.0,31.0
3174,Spread sandwich- overige smaken,186,14.9,1.6,13.2
3175,Salade coleslaw,191,7.1,1.4,16.9
3176,Plantaardig alternatief voor room obv soja Alpro Cuisine Light,61,2.5,2.0,4.7
3180,Drink soja- z suiker verrijkt m calcium en vitamines,34,0.6,3.4,1.8
3184,Bonen kidney- rode blik/glas,116,15.1,8.2,0.7
3185,Erwten kikker- blik/glas,140,17.9,7.9,2.5
3190,Tarwebrood volkoren verrijkt m vit D en vezel Vollerkoren,231,35.6,10.6,3.0
3191,Pasta verrijkt m vezel rauw,336,64.0,11.0,1.5
3192,Bouillon 1-kops bereid,6,0.9,0.3,0.1
3194,Meergranenbrood bruin m zaden verrijkt m ijzer en vitamines Vikorn Vitaminebrood,265,39.9,11.4,5.5
3195,Meergranenbrood bruin m zaden verrijkt m ijzer en vitamines Vikorn Volvezel,268,39.4,11.1,5.8
3198,Mispel,50,10.6,0.5,0.2
3199,Ansjovis rauw,125,0.0,20.4,4.8
3200,Tarwe gebroken bulgur gekookt,80,14.1,3.1,0.2
3201,Yoghurtdrank Ayran Turks,33,2.0,2.3,1.6
3202,Manti gevulde pasta gekookt Turks,145,23.4,7.4,2.2
3203,Rundvlees gezouten gedroogd gekruid Pastirma Turks,155,2.0,30.0,3.0
3204,Gehakt runder- ambachtelijke slagerij rauw,180,0.3,20.0,10.9
3206,Mihoen gekookt,103,23.0,1.8,0.2
3207,Hummus naturel,320,11.3,7.7,25.8
3208,Zeekraal rauw,14,1.1,0.7,0.2
3209,Tarwebrood volkoren fijn m zaden,273,35.7,12.3,7.3
3210,Tarwebrood volkoren fijn m zonnebloempitten,283,36.1,11.8,8.6
3211,Tarwebrood volkoren grof m zaden,276,35.4,12.6,7.5
3212,Tarwebrood volkoren grof m zonnebloempitten,285,35.8,12.1,8.8
3213,Tarwebrood volkoren grof m pompoenpitten,276,34.6,13.6,7.7
3214,Bier wit,47,3.7,0.5,0.0
3215,Wodka,234,0.0,0.0,0.0
3216,Erwten split- groene gekookt,122,16.6,7.9,1.2
3218,Vruchtendrank appelnectar,37,9.1,0.0,0.0
3219,Kiwi gele,66,12.4,1.0,0.3
3220,Asperge groene rauw,28,2.8,3.0,0.1
3221,Olijven zwart in water blik/glas,162,1.7,0.9,14.0
3222,Pesto rode,368,7.0,5.0,35.0
3223,Worst grill- kip,209,4.4,13.8,15.0
3224,Groente roerbakmix Hollandse gekookt,26,3.2,1.6,0.3
3225,Groente roerbakmix Italiaanse gekookt,27,3.9,1.1,0.3
3226,Groente roerbakmix oosterse gekookt,22,2.8,1.0,0.2
3227,Zeewier nori gedroogd,254,10.5,31.5,1.5
3228,Noodles instant bereid,227,27.8,3.4,11.1
3229,Salade kip-sate- lunch/borrel,262,16.5,9.6,17.3
3230,Salade zalm- lunch/borrel,338,5.2,9.3,31.0
3231,Salade tonijn- lunch/borrel,288,6.2,11.4,24.1
3232,Salade krab- lunch/borrel,282,11.5,5.2,24.0
3233,Salade garnalen- lunch/borrel,299,5.9,6.7,27.6
3235,Popcorn zoute gepoft z olie,377,70.3,12.7,3.9
3236,Tarwestokbrood wit m kruidenboter kant-en-klaar,303,39.4,7.8,12.2
3237,Oliebol ongevuld,245,32.2,6.5,9.6
3238,Brownie ongevuld,421,55.4,4.4,19.8
3239,Taai-taai,353,79.9,5.3,0.9
3240,Melk halfvolle lactosevrij,44,4.4,3.4,1.5
3241,Boter kruiden-,623,2.1,1.2,67.7
3242,Stroop schenk-,288,72.0,0.0,0.0
3243,Olie kokos-,892,0.0,0.0,99.1
3244,Fudge/karamel zachte,435,70.8,1.9,16.0
3245,Muisjes gestampte/roze&witte/blauwe&witte,402,92.0,2.0,2.4
3246,Vlokken chocolade- mix wit en puur,450,75.2,3.2,14.4
3247,Siroop vruchtenlimonade- m suiker en zoetstof 20-25 g KH,94,23.3,0.1,0.0
3248,Siroop vruchtenlimonade- m 45-50 mg vit C,238,59.6,0.0,0.0
3249,Mentos,387,92.5,0.0,1.9
3250,Pasta glutenvrij gekookt,143,29.5,3.6,1.0
3251,Pasta verrijkt m vezel gekookt,134,25.6,4.4,0.6
3252,Surimi,122,15.5,6.8,3.6
3253,Chips tortilla overige smaken,487,56.6,6.6,25.0
3254,Groente roerbakmix champignon gekookt,25,2.6,1.9,0.3
3256,Sardines gegrild,171,0.0,25.3,7.8
3257,Vis vet >5 g vet gem bereid in magnetron z toev,202,0.0,24.7,11.5
3258,Filodeeg onbereid,286,57.9,8.0,1.9
3259,Melkdrank Yakult Plus,45,10.2,1.3,0.0
3267,Bier Radler,39,6.5,0.4,0.0
3268,Bier bok-,61,5.2,0.6,0.0
3282,Yoghurt halfvolle lactosevrij,42,2.0,4.5,1.5
3316,Yoghurtdrank Actimel vruchten,72,11.7,2.7,1.5
3318,Koolvis (Alaska) rauw,72,0.0,16.4,0.7
3319,Koolvis (Alaska) gestoomd,120,0.0,27.4,1.2
3320,Garnalen roze gekookt,70,0.0,15.4,0.9
3321,Tongschar rauw,73,0.0,16.7,0.7
3322,Pangasius rauw,74,0.0,14.9,1.6
3323,Rostirondjes diepvries onbereid,178,24.5,2.0,7.3
3324,Vleeswaren natriumarm,179,3.5,16.1,11.1
3325,Wafel rijst- naturel z zout,390,81.8,6.6,3.0
3326,Tarwebrood volkoren fijn m pompoenpitten,274,34.9,13.2,7.5
3327,Tarwebrood gem v bruin en volkoren,237,41.1,10.5,2.0
3328,Tarwebrood gem v bruin en volkoren m zaden,276,37.4,11.9,7.2
3330,Halvarineproduct Vita d'Or Goed begin,347,1.1,0.0,38.0
3331,Artisjokharten blik/glas,27,1.5,2.1,0.4
3332,Sla romaine rauw,17,1.2,1.2,0.3
3333,Aardappel(product) naturel voorgekookt koelvers,80,16.6,1.7,0.4
3334,Olie rijst-,900,0.0,0.0,100.0
3335,Olie frituur-,900,0.0,0.0,100.0
3336,Olijven gem in water blik/glas,122,0.8,0.9,11.6
3340,Halvarine 40% vet <17 g verz vetz verrijkt m vit E gezouten,360,0.0,0.0,40.0
3341,Meloen cantaloupe,38,7.9,0.8,0.2
3342,Bak- en braadvet Vita d'Or Vlees&jus vloeibaar,878,0.9,0.3,97.0
3343,Saus chili-,149,35.8,0.3,0.3
3344,Saus knoflook- 30-<40% olie,378,12.0,1.0,36.2
3345,Runderrosbief (vleeswaar),156,0.2,27.2,5.1
3346,Ontbijtproduct Special flakes m chocolade,404,73.4,8.8,6.7
3349,Saus bolognese- kant-en-klaar glas,101,8.5,4.3,5.3
3350,Hagelslag chocolade- extra puur,424,53.7,7.8,18.3
3351,Marmelade,260,63.9,0.3,0.2
3352,Soeppoeder,372,54.2,9.6,12.1
3353,Zoutje luchtig mais- Organix Goodies,452,73.2,8.2,13.7
3355,Vlokken chocolade- wit,458,77.0,5.9,14.0
3356,Kaas Heks'n-,356,9.7,1.9,34.3
3357,Siroop gember-,215,52.2,0.0,0.4
3358,Schuimpje,366,89.2,2.1,0.1
3359,Kokoswater naturel,18,4.5,0.0,0.0
3360,Stroop appel- peren,253,60.3,1.1,0.0
3362,Kaas Feta,274,0.6,16.6,22.8
3363,Nasischijf diepvries onbereid,197,31.4,5.3,5.4
3364,Yoghurtdrank verrijkt m calcium,55,11.7,1.8,0.0
3366,Vruchtendrank m zuivel m suiker en zoetstof,32,7.8,0.1,0.0
3367,Kroket oven- vlees diepvries onbereid,247,21.5,8.1,14.0
3368,Kaas room- m kruiden 25-30 g vet,291,3.4,5.3,28.4
3369,IJs sorbet-,126,30.8,0.2,0.1
3370,Kaas witte 45+,247,0.6,17.1,19.6
3371,Bitterbal oven- diepvries onbereid,246,21.3,7.9,14.1
3372,Halvarineproduct Vita d'Or Bewust light,270,0.0,0.0,30.0
3373,Broodje frikandel- bladerdeegbasis,327,25.4,8.0,21.2
3374,Focaccia,266,38.4,7.7,8.7
3375,Zoutje bladerdeeg-,501,53.0,10.0,27.0
3376,Olie sesam-,898,0.0,0.2,99.7
3377,Kaas Ricotta,141,3.9,8.0,10.3
3378,Pinda's omhuld m melkchocolade,568,35.5,16.1,39.1
3382,Dreumesmelk Kruidvat 4 p 100 ml,68,8.9,1.5,2.8
3383,Peutermelk Kruidvat 5 p 100 ml,51,6.9,1.2,1.9
3442,Ontbijtproduct Tresor Kellogg's,452,69.0,7.3,15.5
3444,Ontbijtproduct Honey pops Kellogg's,384,85.0,5.2,1.5
3445,Bessen goji- gedroogd,343,64.1,14.3,0.4
3446,Hennepzaad,592,4.7,31.6,48.8
3447,Chiazaad gedroogd,443,7.7,16.5,30.7
3448,Bessen moerbei- rauw,45,8.1,1.4,0.4
3449,Olie koolzaad-/raapzaad-,899,0.0,0.0,99.9
3450,Munt vers,49,5.1,3.8,0.7
3451,Olie palm-,899,0.0,0.0,99.9
5039,Koffie latte macchiato vers bereid,46,3.4,2.5,2.5
5040,Tarwebrood volkoren tijger- ,238,40.4,10.8,2.3
5041,Olie plantaardig gem,898,0.0,0.1,99.7
5042,Drop m schuim,334,76.6,6.1,0.3
5043,Tarwemaisbrood wit m zaden,298,40.7,12.2,8.2
5044,Tarwebrood wit gem v melk- en waterwit m zaden,288,43.5,10.7,6.9
5048,Aardappel(product) gekruid voorgekookt koelvers,80,16.6,1.7,0.4
5049,Noten amandelen m vliesje ongezouten,622,5.0,25.4,53.4
5050,Noten para- gezouten,687,2.6,14.3,67.1
5051,Biscuit melk- AH/Jumbo,488,62.0,9.9,21.0
5054,Thee automaat- m suiker,15,3.7,0.0,0.0
5059,Koffie automaat- m suiker,16,3.8,0.2,0.0
5062,Soep tomaten- m vermicelli,24,3.6,0.8,0.6
5063,Biscuit ontbijt- Liga Belvita,446,67.7,7.7,14.8
5064,Kikkers/muizen fondant m chocolade,393,84.7,1.0,5.3
5065,Sap vruchten- Healthy People Cranberry,49,12.0,0.1,0.0
5068,Bier Radler alcoholvrij,34,8.3,0.2,0.0
5072,"Rijst noten- rauw m geconfijt fruit, noten en zaden",385,51.7,7.9,15.1
5074,Salade kaas- lunch/borrel,422,6.8,9.0,39.4
5079,Perzik m schil,40,7.2,1.0,0.1
5082,Vruchtendrank sap m water,22,5.0,0.2,0.0
5083,Koek ontbijt- m chocolade,316,67.1,2.8,3.3
5084,Pap Nestle Pyjamapapje kant-en-klaar,83,12.3,2.3,2.7
5088,Gehakt rul vegetarisch obv soja onbereid verrijkt m ijzer en vit B12 De Vegetarische Slager,125,2.9,24.0,0.5
5089,Suiker poeder-,396,99.0,0.0,0.0
5091,Chocolade gevuld m karamel Rolo,477,68.4,4.4,20.4
5094,Varkensrollade (vleeswaar),129,1.1,19.7,5.1
5095,Cracker mini- naturel,442,69.3,10.9,12.9
5098,Cracker mini- m smaakje,435,68.3,10.4,12.6
5099,Aardappelschijfjes/-partjes ed gekruid diepvries onbereid,134,21.2,2.5,3.8
5100,Tapenade v tomaten,291,12.2,3.1,24.7
5101,Drink rijst- z suiker,65,13.7,0.3,1.0
5102,Aioli,726,2.9,1.5,78.6
5104,Knackebrod Oerknack Bolletje,427,60.3,15.0,12.3
5106,Beschuit boeren-,440,56.0,16.0,15.0
5110,Noten wal- gezouten,706,5.1,15.9,68.1
5111,Noten macadamia gezouten,753,5.4,7.8,76.1
5112,Noten pistache ongezouten,592,10.8,23.8,48.3
5113,Noten amandelen m vliesje gezouten,622,5.0,25.4,53.4
5116,Drink amandel- m suiker verrijkt m calcium en vitamines,23,2.9,0.4,1.1
5119,Drink amandel- z suiker verrijkt m calcium en vitamines,13,0.5,0.3,1.1
5120,Kiwi gem,64,11.4,1.0,0.6
5121,Guacamole,153,2.5,1.7,14.5
5122,Glazuur suiker-,354,88.4,0.0,0.0
5126,Ontbijtproduct Cornflakes Plus/1 de Beste,375,83.0,7.8,0.5
5127,Boterproduct melange gezouten,675,0.9,0.7,74.3
5133,Ontbijtproduct Honey hoops Crownfield,386,76.8,9.1,3.0
5134,Ontbijtproduct Chocoschelpjes G'woon,381,75.6,10.0,2.9
5139,Siroop vruchtenlimonade- m zoetstof Karvan Cevitam,25,5.9,0.2,0.0
5140,Wafel rijst- m vruchtensmaak Organix,390,88.0,6.8,1.1
5141,Tzatziki,156,4.1,4.0,13.4
5143,Cake madeleine cakereepjes Lotus,424,49.4,6.2,21.4
5146,Kruidnoten,442,77.1,5.8,11.8
5147,Chocolade extra puur,578,27.2,9.2,45.4
5149,Bakmix voor pannenkoeken meergranen-,339,63.8,11.4,2.0
5152,IJs room- m karamel en noten,243,29.8,3.2,12.3
5153,Saus oester-,105,24.3,1.5,0.2
5156,Anijszaad,384,35.4,17.6,15.9
5158,Noten pecan- gebrand m olie gezouten,750,4.3,9.2,75.2
5160,"Rijst noten- gekookt m geconfijt fruit, noten en zaden",206,30.8,5.6,6.3
5163,Gehaktbal varkens- m ei en paneermeel rauw,187,5.1,19.1,9.9
5164,Ontbijtproduct Honingringetjes 1 de Beste,381,76.7,9.0,2.8
5165,Worst met-,484,2.7,22.3,42.5
5167,Bonen black eyed blik/glas,126,18.9,7.8,0.9
5168,Bonen bruine gekookt,108,15.2,6.1,0.7
5169,Linzen bruine blik/glas,112,15.6,7.6,0.8
5170,Bonen cannellini blik/glas,113,15.0,7.1,1.1
5171,Bonen chili- blik/glas,106,15.8,6.3,0.8
5172,Kapucijners jonge blik/glas,93,13.2,5.7,0.7
5173,Bonen kidney- rode gekookt,115,13.9,8.3,0.7
5174,Linzen rode gekookt,110,16.1,7.7,0.6
5175,Bonen witte gekookt,113,13.4,7.8,1.0
5176,Bonen zwarte blik/glas,113,14.1,7.9,1.0
5177,Soep erwten- m vlees,77,6.3,4.9,3.0
5182,Berenklauw bereid m vloeibaar frituurvet,213,4.9,10.3,16.6
5183,Kipkorn bereid m vloeibaar vet,381,16.5,11.6,29.7
5195,Vet kippen-,900,0.0,0.0,100.0
5196,Olie palmpit-,899,0.0,0.0,99.9
5197,Peuterplusmelk Nutrilon 6 p 100 ml,46,6.0,1.2,1.7
5198,Zuigelingenvoeding Hero Baby Nutrasense Standaard 1 p 100 ml,66,7.2,1.3,3.5
5199,Opvolgmelk Hero Baby Nutrasense Standaard 2 p 100 ml,70,9.5,1.4,2.9
5200,Peutermelk Hero Baby Nutrasense 3 p 100 ml,62,8.2,1.3,2.6
5201,Peutermelk Hero Baby Nutrasense 4 p 100 ml,50,6.7,1.1,2.1
5202,Zuigelingenvoeding Hipp Biologisch Combiotik 1 p 100 ml,66,7.3,1.3,3.5
5203,Opvolgmelk Hipp Biologisch Combiotik 2 p 100 ml,70,7.9,1.5,3.5
5204,Opvolgmelk Hipp Biologisch Combiotik 3 p 100 ml,66,8.0,1.4,3.0
5205,Zuigelingenvoeding Jumbo Standaard 1 p 100 ml,67,7.4,1.4,3.4
5206,Opvolgmelk Jumbo Standaard 2 p 100 ml,69,8.8,1.4,3.0
5207,Opvolgmelk Jumbo Standaard 3 p 100 ml,70,8.8,1.5,3.1
5208,Dreumesmelk Jumbo Standaard 4 p 100 ml,66,8.4,1.5,2.8
5209,Peutermelk Jumbo Standaard 5 p 100 ml,62,8.2,1.2,2.5
5210,Zuigelingenvoeding Albert Heijn Standaard 1 p 100 ml,66,7.0,1.4,3.5
5211,Opvolgmelk Albert Heijn Standaard 2 p 100 ml,65,7.9,1.6,2.9
5212,Opvolgmelk Albert Heijn Standaard 3 p 100 ml,69,8.4,1.9,3.0
5213,Dreumesmelk Albert Heijn Standaard 4 p 100 ml,69,8.8,1.6,3.0
5214,Zuigelingenvoeding Albert Heijn Biologisch Standaard 1 p 100 ml,67,7.2,1.5,3.6
5215,Opvolgmelk Albert Heijn Biologisch Standaard 2 p 100 ml,68,7.5,1.7,3.5
5216,Opvolgmelk Albert Heijn Biologisch Standaard 3 p 100 ml,69,7.7,1.9,3.4
5217,Zuigelingenvoeding Bonbebe Standaard 1 p 100 ml,67,7.6,1.3,3.3
5218,Opvolgmelk Bonbebe Standaard 2 p 100 ml,69,8.9,1.4,3.0
5219,Opvolgmelk Bonbebe Standaard 3 p 100 ml,71,9.0,1.5,3.1
5220,Dreumesmelk Bonbebe Standaard 4 p 100 ml,68,8.9,1.5,2.8
5224,Zuigelingenvoeding Etos Standaard 1 p 100 ml,66,7.0,1.4,3.5
5225,Opvolgmelk Etos Standaard 2 p 100 ml,65,7.9,1.6,2.9
5226,Opvolgmelk Etos Standaard 3 p 100 ml,69,8.4,1.9,3.0
5227,Dreumesmelk Etos Standaard 4 p 100 ml,69,8.8,1.6,3.0
5228,Zuigelingenvoeding Etos Biologisch Standaard 1 p 100 ml,67,7.2,1.5,3.6
5229,Opvolgmelk Etos Biologisch Standaard 2 p 100 ml,68,7.5,1.7,3.5
5230,Opvolgmelk Etos Biologisch Standaard 3 p 100 ml,69,7.7,1.9,3.4
5234,Kaas Danish Blue,350,0.0,20.5,29.5
5235,Melk halfvolle verrijkt m calcium en vit D,47,4.7,3.5,1.6
5236,Taart appel- zandtaardeeg gem,225,31.9,2.9,9.1
5237,Cake naturel gem,398,42.8,5.7,22.5
5238,Bladerdeeg gem bereid,500,46.6,7.8,30.9
5239,Cake appel- gem,261,30.5,3.5,13.5
5240,Appelflap gem,307,39.3,3.6,14.5
5241,Irish coffee,166,6.7,0.7,8.7
5242,Cake chocolade- gem,396,46.5,5.7,20.3
5244,Kaasfondue huishoudelijk bereid,323,1.8,21.4,24.2
5245,Melk chocolade- halfvolle m zoetstof,48,4.5,3.3,1.7
5246,Wijn alcoholvrij,23,5.3,0.1,0.1
5247,Plantaardig alternatief voor yoghurt obv soja z suiker verrijkt m calcium en vitamines,39,0.0,4.0,2.3
5248,Cheesecake,320,24.0,5.4,22.3
5249,Popcorn zoute kant-en-klaar (gepoft m olie),505,52.3,8.4,27.1
5251,Popcorn zoete kant-en-klaar (gepoft m olie),419,84.7,4.7,5.8
5253,Azijn balsamico,123,25.3,0.7,0.0
5254,Carrotcake,357,36.9,4.5,20.9
5255,Bananenbrood,298,38.9,4.7,13.2
5256,Paneermeel kruiden-,343,65.1,10.3,3.7
5257,Peper zoete gevuld m roomkaas,161,2.2,3.6,15.2
5258,Hagelslag chocolade- mix wit en melk,452,74.2,5.8,14.1
5260,Vlokken chocolade- mix wit en melk,456,74.5,5.9,14.5
5261,Skyr m vruchten magere,71,7.9,9.3,0.0
5262,Bakmix voor cake naturel,372,85.7,5.0,0.6
5263,Bamigroenten rauw,27,3.5,1.8,0.1
5264,Cracker luchtige naturel,380,72.0,13.0,3.5
5265,Tonijn m groente en tomatensaus in blik,98,4.8,11.7,3.5
5266,Zeevruchten bereid,112,4.6,16.9,2.9
5267,Groente roerbakmix champignon rauw,25,2.8,1.7,0.3
5268,Groente roerbakmix Hollandse rauw,27,3.5,1.5,0.3
5269,Groente roerbakmix Italiaanse rauw,28,4.2,1.2,0.2
5270,Groente roerbakmix oosterse rauw,29,3.9,1.7,0.2
5271,Yoghurt Griekse magere,56,5.0,8.2,0.1
5272,Koek ontbijt- z suiker,238,53.2,2.9,1.2
5273,Fruitreep m noten,424,47.6,7.8,20.9
5275,Pindakaas 100% pinda's ongezouten,611,11.6,26.5,49.1
5277,Vet dierlijk gem,897,0.0,0.0,99.7
5279,Vruchten bos- gem ,39,6.0,0.9,0.1
5280,Kalfsvlees gem rauw,127,0.0,21.3,4.7
5286,Zout bakkers- m toegevoegd jodium,0,0.0,0.0,0.0
5290,Cacaopoeder magere,332,12.4,23.4,11.0
5292,Pasta noten- 100% noten ongezouten,639,10.9,19.8,55.9
5294,IJs yoghurt- m vruchten,165,23.9,2.6,6.4
5295,Skyr naturel magere,60,3.7,10.6,0.0
5299,Bakmix voor appeltaart,371,82.3,6.0,0.7
5300,Bakmix voor kwarktaart,438,77.5,7.7,10.6
5304,Frites groente- voorgebakken diepvries onbereid,142,15.0,2.2,7.0
5305,Soeppoeder 1-kops soep,372,54.2,9.6,12.1
5306,Melk volle lactosevrij,64,4.6,3.4,3.6
5315,Zoetstof intensief obv koolhydraten als vulmiddel,358,85.7,2.8,0.2
5317,Witlof m ham en kaas uit de oven,101,1.8,8.1,6.5
5318,Ratatouille bereid z vlees,56,3.3,1.1,3.9
5319,Bonenschotel m groente in tomatensaus blik/glas/zak,71,9.0,3.4,1.4
5320,Stoofperen bereid m gezoet kookvocht,58,13.5,0.2,0.1
5321,Omelet/roerei,161,0.7,10.2,13.1
5322,Omelet ham-kaas,209,0.8,11.5,17.6
5323,Omelet m aardappel Spaanse tortilla,137,8.1,6.0,8.8
5324,"Omelet m aardappel, groente en spek Spaanse tortilla",126,4.4,6.5,8.9
5325,Bobotie z rijst,129,5.5,7.0,8.5
5326,Mosselen rauw,67,1.9,11.1,1.7
5328,Saus carbonara- huishoudelijk bereid,284,1.0,13.5,25.1
5329,Hachee,98,4.7,8.0,5.1
5330,Knoflook bereid z vet,127,23.8,5.6,0.3
5337,Paprika gevuld m gehakt,145,6.5,5.7,10.4
5339,Yoghurt geiten- volle,74,3.6,3.7,4.7
5340,IJs room- chocolade,226,28.6,3.5,10.4
5341,Shaslick spies varkensvlees m groente bereid,75,1.5,12.8,1.8
5342,Viscuisine koolvis m paneermeel-kruidenkorst bereid,217,10.4,16.3,11.9
5345,IJs room- vanille,220,24.9,3.0,12.0
5346,IJs vanille-,212,25.8,2.9,10.7
5347,IJs room- m vruchten,194,27.1,2.7,8.1
5348,IJs room/vanille- cornet m vruchten,269,40.5,3.1,10.3
5349,Bakmix voor pannenkoeken volkoren-,347,62.3,12.2,3.3
5352,Broodje gezond v witbrood,218,25.8,11.7,7.0
5353,Mousse chocolade- kant-en-klaar,189,23.9,5.3,7.5
5354,Tosti ham-kaas v witbrood,253,27.7,12.7,9.7
5355,Broodje hamburger huishoudelijk bereid,213,13.6,10.8,12.5
5356,Frikandel speciaal,230,9.2,10.2,16.5
5358,Salade Griekse z dressing,81,2.3,4.7,5.6
5359,Risotto bereid,196,25.6,5.8,7.6
5360,Sushi m zalm en komkommer ,133,22.8,5.5,1.8
5363,Wrap m kip,166,16.6,13.2,4.8
5364,Aardpeer rauw,75,13.4,2.0,0.5
5369,Meloen gem,31,6.9,0.5,0.0
5370,Candybar gem,478,65.1,5.4,21.5
5371,Pindarotsjes,582,31.0,15.8,42.6
5372,Snoepmix,328,75.3,5.8,0.3
5376,Siroop vruchtenlimonade- m suiker en zoetstof 30-35 g KH,134,33.4,0.0,0.0
5378,Wentelteefje v wit tarwebrood,199,24.7,5.9,8.3
5382,Pannenkoek spek- koelvers,210,18.6,6.6,11.9
5386,Salade nicoise m dressing,75,2.5,4.4,4.8
5393,Pastagerecht carbonara huishoudelijk bereid,182,20.2,7.5,7.6
5394,Frites speciaal,249,25.6,2.6,14.5
5395,Frites m sauzen en uitjes,255,25.3,3.1,15.1
5396,Frites kapsalon,216,8.8,9.6,15.6
5397,Noodles instant onbereid,461,64.6,10.2,17.2
5398,Quiche Lorraine,296,14.4,11.7,20.9
5401,Stamppot boerenkool m rookworst en spekjes,137,9.4,5.2,8.4
5402,Stamppot rauwe andijvie m gehaktbal en spekjes,101,11.3,5.2,3.6
5404,Zaden en pitten gem,562,10.5,19.1,44.8
5407,Spread fruit-,162,38.0,0.5,0.1
5408,Vruchtendrank Dubbeldrank,45,10.8,0.2,0.0
5409,Margarineproduct 60% vet <17g verz vetz gezouten,536,0.2,0.0,59.5
5410,Halvarine Blue Band,357,1.1,0.3,39.0
5411,Glutenvrij brood donker,205,35.0,4.1,3.6
5412,Glutenvrij brood licht,212,38.9,4.1,3.1
5413,Glutenvrij brood meerzaden ,236,33.5,5.0,7.0
5414,Glutenvrij brood zuurdesem,266,49.0,4.3,4.2
5415,Kruiden tuin- vers gem,43,4.1,3.3,0.7
5416,Margarineproduct 45% vet <17 g verz vetz ongezouten,406,0.2,0.2,45.0
5417,Gnocchi gekookt,155,34.0,3.5,0.2
5418,Gnocchi onbereid,174,37.9,3.9,0.3
5420,Limonade vruchten- m suiker en zoetstof 7-9 g KH,31,7.7,0.0,0.0
5421,Halvarineproduct Albert Heijn light,270,0.0,0.0,30.0
5422,Halvarineproduct Albert Heijn Goed Begin,351,0.0,0.0,39.0
5423,Halvarineproduct Jumbo Goed Begin,347,1.1,0.1,38.0
5424,Halvarine Jumbo,356,1.2,0.1,39.0
5425,Smeltjus bereid,260,1.6,0.4,28.0
5427,Drink haver- z suiker verrijkt m calcium en vitamines,44,6.7,0.5,1.5
5428,Bonen bruine blik/glas geen zout toegevoegd,118,15.9,8.0,0.9
5429,Linzen blik/glas geen zout toegevoegd,93,12.5,7.7,0.5
5430,Erwten kikker- blik/glas geen zout toegevoegd,117,13.5,6.8,2.5
5431,Bonen kidney- rode blik/glas geen zout toegevoegd,102,13.0,7.7,0.7
5432,Pizza m mozzarella Margherita,203,23.0,7.5,8.6
5437,Pizza quattro formaggi,233,23.3,9.2,11.0
5440,Peulvruchten gem gekookt,117,14.4,8.2,1.3
5445,Zuigelingenvoeding Nestle Little steps 1 p 100ml,68,8.2,1.5,3.2
5446,Opvolgmelk Nestle Little steps 2 p 100ml,67,8.0,1.5,3.2
5447,Dreumesmelk Nestle Little steps 3 p 100ml,67,8.6,1.5,3.0
5448,Groente hutspot- rauw,35,5.9,0.9,0.2
5449,Groente hutspot- gekookt,34,5.9,0.8,0.2
5450,Groente roerbakmix Mexicaanse rauw,51,7.1,2.7,0.5
5451,Groente roerbakmix Mexicaanse gekookt,48,6.7,2.4,0.5
5456,Taco m gehakt en bonen,152,12.8,7.4,7.2
5457,Burrito m gehakt,205,12.5,9.4,12.5
5458,Lasagne groenten- koelverse maaltijd,112,10.6,3.3,5.9
5459,Ui rode rauw,37,5.6,1.3,0.4
5460,Broodje cheeseburger kant-en-klaar,240,20.7,12.7,11.4
5461,Ui rode gekookt,43,7.6,1.7,0.2
5462,Wafel mais- naturel m zout,385,85.0,7.4,1.1
5463,Drink haver- z suiker,40,7.1,0.3,1.1
5464,Drink amandel- z suiker,26,0.6,0.9,2.2
5465,Plantaardig alternatief voor Goudse kaas obv kokosolie,268,17.4,0.3,21.5
5466,Plantaardig alternatief voor Goudse kaas obv kokosolie verrijkt m Ca en Vit B12,286,22.7,0.1,21.3
5467,Hummus m groente,251,11.0,5.3,19.1
5468,Soepstengel volkoren,385,61.9,14.1,6.5
5469,Saus sate- geconcentreerd,437,36.5,13.5,25.5
5470,Saus soja-,40,4.4,5.5,0.0
5471,Saus wok- teriyaki,164,38.2,1.9,0.3
5473,Zoutje luchtig aardappelbasis ,514,59.7,3.6,28.4
5474,Drink kokos- m suiker verrijkt m calcium en vitamines,25,2.4,0.2,1.6
5475,Kipschnitzel krokant rauw,265,19.2,13.6,14.6
5478,Worst boterham- vegetarisch,173,3.5,8.7,12.9
5479,Pate/smeerworst vegetarisch obv soja/erwt,235,5.5,6.8,19.9
5482,Wrap/tortilla obv tarwe volkoren,277,44.1,8.8,5.3
5485,Reepjes/stukjes vegetarisch obv soja/tarwe onbereid,171,4.4,20.3,6.6
5489,Margarineproduct Becel Romig 60% vet,544,0.5,0.5,60.0
5490,Halvarineproduct 20% vet <10g verz vetz gezouten,180,0.0,0.0,20.0
5491,Muesli krokante m fruit verrijkt m vezel,430,59.2,8.2,15.1
5493,Asperge groene gekookt,27,1.7,2.7,0.3
5494,Noten gemengd m cranberry ongezouten,555,29.5,15.0,40.4
5495,Muesli krokante m noten verrijkt m vezel,456,53.6,9.8,19.8
5496,Muesli krokante m chocolade verrijkt m vezel,448,55.8,9.4,18.1
5497,Kokos geraspt gedroogd,674,8.6,7.1,64.8
5498,Seroendeng,609,19.6,12.9,50.9
5499,Bouillon geconcentreerd m groente of vlees pot,53,3.3,5.7,1.7
5505,Peulvruchten gem gedroogd,335,43.6,23.1,3.9
5507,Eiwitreep m pinda,506,30.3,22.2,30.7
5508,Eiwitreep m chocola m zoetstof,369,26.7,36.7,14.8
5509,Saus wok- zoetzure,169,38.0,1.1,1.2
5510,Koek ontbijt- verrijkt m vezel,285,62.4,2.8,0.9
5511,Graanreep Sultana Good Morning,451,66.4,7.7,16.3
5512,Mueslireep verrijkt m vezel,444,59.3,9.4,16.0
5513,Biscuit fruit- verrijkt m vezel,388,72.5,6.9,7.1
5514,"Biscuit meergranen- diverse smaken verrijkt m vezel, vit en min",389,65.6,8.0,8.5
5515,Groenteballetjes/-burgers vegetarisch obv soja onbereid verrijkt m ijzer en vit B12,146,7.4,14.9,5.0
5516,Kaas komijne- 48+ gem,370,0.4,22.9,30.5
5517,Meel Johannesbroodpit-,187,3.3,3.2,1.3
5518,Couscous volkoren rauw,342,65.0,12.1,1.9
5519,Tofu onbereid,119,1.5,12.4,6.6
5522,Knolraap rauw,31,4.8,0.9,0.3
5523,Knolraap gekookt,17,2.0,0.6,0.2
5524,Varkensvlees gem rauw,201,1.2,19.0,13.3
5527,Vis mager <5 g vet gem bereid in magnetron z toevoegingen,112,0.0,23.4,2.0
5530,Saus bolognese- huishoudelijk bereid,126,4.1,7.4,8.6
5531,Spaghetti bolognese m kaas huishoudelijk bereid,149,15.1,7.7,6.1
5532,"Salade maaltijd- m kip, pasta en dressing",127,10.6,5.1,6.8
5533,Salade aardappel-,180,15.0,1.4,12.5
5534,Tosti ham-kaas v bruin/volkoren brood,246,23.8,13.5,9.9
5537,Pepers in zuur in blik/glas,14,1.9,0.8,0.1
5538,Kwark magere lactosevrij,57,3.8,9.8,0.2
5539,Couscous volkoren gekookt,114,21.7,4.0,0.6
5540,Strooigoed,411,78.9,5.2,8.0
5542,Drink soja- vruchten/vanille m suiker verrijkt m calcium en vitamines,55,7.6,2.8,1.4
5543,Drink kokos- z suiker,26,1.3,0.3,1.9
5544,Jackfruit in water blik,18,0.8,1.0,0.2
5545,Plantaardig alternatief voor yoghurt obv kokos z suiker,150,3.2,1.5,14.4
5546,Tofureepjes/-blokjes gekruid onbereid,213,1.4,15.7,15.6
5547,Falafel onbereid,231,24.0,9.1,9.0
5548,Kaasschnitzel vegetarisch onbereid,291,26.0,11.4,15.2
5549,Balletjes/burgers vegetarisch obv soja/tarwe onbereid,177,4.7,19.6,7.5
5550,Vissticks vegetarisch obv rijst/tarwe onbereid,223,28.7,4.9,9.3
5551,Balletjes/burgers vegetarisch obv soja/tarwe onbereid verrijkt m ijzer en vit B12,190,8.5,16.9,8.7
5552,Balletjes/burgers vegetarisch obv erwt onbereid,209,3.2,15.6,14.3
5553,Groenteballetjes/-burgers vegetarisch obv soja onbereid,194,12.6,10.4,10.2
5554,Reepjes/stukjes vegetarisch obv soja/tarwe onbereid verrijkt m ijzer en vit B12,178,3.0,20.4,8.4
5555,Nuggets vegetarisch obv tarwe/erwt diepvries onbereid,288,26.5,8.4,15.7
5556,Filet americain vegetarisch obv melk verrijkt m ijzer ,275,6.3,7.8,23.6
5557,Kroket oven- vegetarisch diepvries onbereid,261,24.0,5.2,15.4
5558,Dextrose tabletten niet verrijkt,369,91.0,0.0,0.5
5559,Rempejek pindakoekje,579,25.3,14.4,45.7
5560,Bitterbal bereid m vloeibaar frituurvet,362,20.7,9.9,26.2
5561,Gehakt rul vegetarisch obv soja onbereid verrijkt m ijzer en vit B12,110,1.2,21.8,0.2
5562,Margarine 80% vet >24 g verz vetz gezouten in NEVO recepten,719,0.3,0.1,79.7
5563,Worst braad- vegetarisch obv erwt onbereid,237,1.6,16.0,17.6
5564,Worst braad- vegetarisch obv soja/tarwe onbereid verrijkt m ijzer en vit B12,178,5.1,14.1,11.0
5565,Schnitzel/burger vegetarisch obv melk onbereid verrijkt m ijzer,172,12.1,11.4,7.9
5566,Burger vegetarisch gevuld m groente en kaas onbereid,216,19.1,9.0,10.8
5567,Cracker luchtige volkoren,355,64.3,10.0,3.6
5569,Plantaardig alternatief voor room obv haver,136,8.1,0.8,11.0
5571,Drink soja- chocolade m suiker verrijkt m calcium en vitamines,60,7.6,3.0,1.7
5572,Spekjes vegetarisch onbereid,185,6.1,15.0,10.5
5573,Tempeh onbereid,128,0.4,17.6,4.7
5574,Bakmix voor oliebollen,369,77.0,11.0,1.0
5575,Kaas 35+,302,0.0,27.3,20.4
5576,Bloem spelt-,348,67.4,13.2,1.7
5577,Meel spelt- volkoren,332,56.0,14.4,2.3
5579,Meel amandel-,638,3.6,25.3,55.8
5580,Meel tarwegries-,338,66.4,10.8,0.9
5581,Meel haver- volkoren,364,58.0,13.4,6.4
5582,Vlokken spelt-,340,61.4,12.9,2.2
5583,Vlokken gerst-,332,63.0,7.9,2.1
5584,Meel rijst- volkoren,355,71.7,8.1,2.6
5585,Bakmix voor pannenkoeken glutenvrij,344,78.4,4.9,1.0
5586,Meel kokos-,343,18.0,20.1,12.8
5587,Pannenkoek kant-en-klaar naturel,226,27.7,5.3,9.8
5589,Poffertjes kant-en-klaar naturel,291,31.2,5.5,15.2
5591,Wrap/tortilla obv tarwe en wortel,288,47.8,9.8,5.0
5592,Muesli m fruit en noten,365,57.2,9.1,9.0
5593,Muesli krokante naturel,422,66.1,10.8,10.8
5594,Muesli krokante m fruit,419,65.8,8.9,11.3
5595,Muesli m fruit zaden en pitten,359,52.9,11.4,8.5
5596,Pannenkoek glutenvrij huishoudelijk bereid,171,22.9,5.1,6.5
5597,Poffertjes huishoudelijk bereid,154,22.9,5.7,4.0
5598,Bakmix voor brood wit glutenvrij,354,77.5,5.4,1.6
5599,Bakmix voor brood bruin/meergranen glutenvrij,369,76.4,6.0,3.4
5602,Garnalen gemarineerde,184,0.9,12.7,11.2
5604,Ontbijtproduct Special flakes naturel,377,77.5,9.9,1.5
5605,Ontbijtproduct 7 granen ontbijt,342,64.1,12.1,2.1
5609,Champignon gebakken z vet,26,0.2,4.4,0.6
5610,Bonen lupine- gedroogd,324,2.8,33.1,9.5
